,index,Composer,Title,First_Offset,Measures_Beats,Melodic_Entry_Intervals,Offsets,Soggetti,Time_Entry_Intervals,Voices,Presentation_Type,Number_Entries,Flexed_Entries
0,0,"Palestrina, Giovanni Pierluigi da",Veni sponsa Christi,0.0,"['1/1.0', '2/1.0', '6/1.0', '7/1.0']","['P-5', 'P-4', 'P-5']","[0.0, 8.0, 40.0, 48.0]","['-3, 3, 2, -2', '-3, 2, 2, -2']","[8.0, 32.0, 8.0]","['Cantus', 'Altus', 'Tenor', 'Bassus']",ID,4,True
1,1,"Palestrina, Giovanni Pierluigi da",Veni sponsa Christi,0.0,"['1/1.0', '11/3.0', '21/4.0', '32/2.0']","['P-5', 'P5', 'P4']","[0.0, 84.0, 166.0, 250.0]","['-3, 3, 2, -2', '-3, 2, 2, -2']","[84.0, 82.0, 84.0]","['Cantus', 'Altus', 'Cantus', 'Cantus']",ID,4,True
2,2,"Palestrina, Giovanni Pierluigi da",Veni sponsa Christi,0.0,"['1/1.0', '7/1.0', '21/4.0', '27/4.0']","['P-12', 'P12', 'P-12']","[0.0, 48.0, 166.0, 214.0]","['-3, 3, 2, -2', '-3, 2, 2, -2']","[48.0, 118.0, 48.0]","['Cantus', 'Bassus', 'Cantus', 'Bassus']",ID,4,True
3,3,"Palestrina, Giovanni Pierluigi da",Veni sponsa Christi,0.0,"['1/1.0', '7/1.0', '19/4.0', '25/4.0']","['P-12', 'P5', 'P1']","[0.0, 48.0, 150.0, 198.0]","['-3, 3, 2, -2', '-3, 2, 2, -2']","[48.0, 102.0, 48.0]","['Cantus', 'Bassus', 'Tenor', 'Tenor']",ID,4,True
4,4,"Palestrina, Giovanni Pierluigi da",Veni sponsa Christi,0.0,"['1/1.0', '6/1.0', '22/4.0', '27/4.0']","['P-8', 'P4', 'P-8']","[0.0, 40.0, 174.0, 214.0]","['-3, 3, 2, -2', '-3, 2, 2, -2']","[40.0, 134.0, 40.0]","['Cantus', 'Tenor', 'Altus', 'Bassus']",ID,4,True
5,5,"Palestrina, Giovanni Pierluigi da",Veni sponsa Christi,0.0,"['1/1.0', '2/1.0', '21/4.0', '22/4.0']","['P-5', 'P5', 'P-5']","[0.0, 8.0, 166.0, 174.0]","['-3, 3, 2, -2', '-3, 2, 2, -2']","[8.0, 158.0, 8.0]","['Cantus', 'Altus', 'Cantus', 'Altus']",ID,4,True
6,9,"Palestrina, Giovanni Pierluigi da",Veni sponsa Christi,0.0,"['1/1.0', '2/1.0', '6/1.0', '7/1.0', '21/4.0', '22/4.0']","['P-5', 'P-4', 'P-5', 'P12', 'P-5']","[0.0, 8.0, 40.0, 48.0, 166.0, 174.0]","['-3, 3, 2, -2', '-3, 2, 2, -2']","[8.0, 32.0, 8.0, 118.0, 8.0]","['Cantus', 'Altus', 'Tenor', 'Bassus', 'Cantus', 'Altus']",ID,6,True
7,13,"Palestrina, Giovanni Pierluigi da",Veni sponsa Christi,0.0,"['1/1.0', '2/1.0', '6/1.0', '7/1.0', '11/3.0', '14/1.0', '17/1.0', '19/4.0', '21/4.0', '22/4.0', '25/4.0', '27/4.0', '29/4.0', '32/2.0', '35/2.0']","['P-5', 'P-4', 'P-5', 'P8', 'P5', 'P-8', 'P1', 'P8', 'P-5', 'P-4', 'P-5', 'P8', 'P8', 'P-11']","[0.0, 8.0, 40.0, 48.0, 84.0, 104.0, 128.0, 150.0, 166.0, 174.0, 198.0, 214.0, 230.0, 250.0, 274.0]","['-3, 3, 2, -2', '-3, 2, 2, -2']","[8.0, 32.0, 8.0, 36.0, 20.0, 24.0, 22.0, 16.0, 8.0, 24.0, 16.0, 16.0, 20.0, 24.0]","['Cantus', 'Altus', 'Tenor', 'Bassus', 'Altus', 'Cantus', 'Bassus', 'Tenor', 'Cantus', 'Altus', 'Tenor', 'Bassus', 'Altus', 'Cantus', 'Bassus']",FUGA,15,True
8,15,"Palestrina, Giovanni Pierluigi da",Veni sponsa Christi,8.0,"['2/1.0', '6/1.0', '21/4.0', '25/4.0']","['P-4', 'P8', 'P-8']","[8.0, 40.0, 166.0, 198.0]","['-3, 3, 2, -2', '-3, 2, 2, -2']","[32.0, 126.0, 32.0]","['Altus', 'Tenor', 'Cantus', 'Tenor']",ID,4,True
9,16,"Palestrina, Giovanni Pierluigi da",Veni sponsa Christi,8.0,"['2/1.0', '6/1.0', '25/4.0', '29/4.0']","['P-4', 'P1', 'P4']","[8.0, 40.0, 198.0, 230.0]","['-3, 3, 2, -2', '-3, 2, 2, -2']","[32.0, 158.0, 32.0]","['Altus', 'Tenor', 'Tenor', 'Altus']",ID,4,True
10,17,"Palestrina, Giovanni Pierluigi da",Veni sponsa Christi,8.0,"['2/1.0', '11/3.0', '25/4.0', '35/2.0']","['P1', 'P-4', 'P1']","[8.0, 84.0, 198.0, 274.0]","['-3, 3, 2, -2', '-3, 2, 2, -2']","[76.0, 114.0, 76.0]","['Altus', 'Altus', 'Tenor', 'Bassus']",ID,4,True
11,18,"Palestrina, Giovanni Pierluigi da",Veni sponsa Christi,8.0,"['2/1.0', '11/3.0', '22/4.0', '32/2.0']","['P1', 'P1', 'P8']","[8.0, 84.0, 174.0, 250.0]","['-3, 3, 2, -2', '-3, 2, 2, -2']","[76.0, 90.0, 76.0]","['Altus', 'Altus', 'Altus', 'Cantus']",ID,4,True
12,20,"Palestrina, Giovanni Pierluigi da",Veni sponsa Christi,8.0,"['2/1.0', '7/1.0', '22/4.0', '27/4.0']","['P-8', 'P8', 'P-8']","[8.0, 48.0, 174.0, 214.0]","['-3, 3, 2, -2', '-3, 2, 2, -2']","[40.0, 126.0, 40.0]","['Altus', 'Bassus', 'Altus', 'Bassus']",ID,4,True
13,25,"Palestrina, Giovanni Pierluigi da",Veni sponsa Christi,40.0,"['6/1.0', '11/3.0', '17/1.0']","['P4', 'P-4']","[40.0, 84.0, 128.0]","['-3, 3, 2, -2', '-3, 2, 2, -2']","[44.0, 44.0]","['Tenor', 'Altus', 'Bassus']",PEN,3,True
14,26,"Palestrina, Giovanni Pierluigi da",Veni sponsa Christi,40.0,"['6/1.0', '14/1.0', '21/4.0', '29/4.0']","['P8', 'P1', 'P-5']","[40.0, 104.0, 166.0, 230.0]","['-3, 3, 2, -2', '-3, 2, 2, -2']","[64.0, 62.0, 64.0]","['Tenor', 'Cantus', 'Cantus', 'Altus']",ID,4,True
15,28,"Palestrina, Giovanni Pierluigi da",Veni sponsa Christi,40.0,"['6/1.0', '14/1.0', '19/4.0', '27/4.0']","['P8', 'P-8', 'P-5']","[40.0, 104.0, 150.0, 214.0]","['-3, 3, 2, -2', '-3, 2, 2, -2']","[64.0, 46.0, 64.0]","['Tenor', 'Cantus', 'Tenor', 'Bassus']",ID,4,True
16,29,"Palestrina, Giovanni Pierluigi da",Veni sponsa Christi,40.0,"['6/1.0', '11/3.0', '29/4.0', '35/2.0']","['P4', 'P1', 'P-4']","[40.0, 84.0, 230.0, 274.0]","['-3, 3, 2, -2', '-3, 2, 2, -2']","[44.0, 146.0, 44.0]","['Tenor', 'Altus', 'Altus', 'Bassus']",ID,4,True
17,30,"Palestrina, Giovanni Pierluigi da",Veni sponsa Christi,40.0,"['6/1.0', '7/1.0', '21/4.0', '22/4.0']","['P-5', 'P12', 'P-5']","[40.0, 48.0, 166.0, 174.0]","['-3, 3, 2, -2', '-3, 2, 2, -2']","[8.0, 118.0, 8.0]","['Tenor', 'Bassus', 'Cantus', 'Altus']",ID,4,True
18,35,"Palestrina, Giovanni Pierluigi da",Veni sponsa Christi,48.0,"['7/1.0', '14/1.0', '22/4.0', '29/4.0']","['P12', 'P-5', 'P1']","[48.0, 104.0, 174.0, 230.0]","['-3, 3, 2, -2', '-3, 2, 2, -2']","[56.0, 70.0, 56.0]","['Bassus', 'Cantus', 'Altus', 'Altus']",ID,4,True
19,36,"Palestrina, Giovanni Pierluigi da",Veni sponsa Christi,48.0,"['7/1.0', '11/3.0', '27/4.0', '32/2.0']","['P8', 'P-8', 'P15']","[48.0, 84.0, 214.0, 250.0]","['-3, 3, 2, -2', '-3, 2, 2, -2']","[36.0, 130.0, 36.0]","['Bassus', 'Altus', 'Bassus', 'Cantus']",ID,4,True
20,39,"Palestrina, Giovanni Pierluigi da",Veni sponsa Christi,48.0,"['7/1.0', '17/1.0', '19/4.0', '29/4.0']","['P5', 'P1', 'P4']","[48.0, 128.0, 150.0, 230.0]","['-3, 3, 2, -2', '-3, 2, 2, -2']","[80.0, 22.0, 80.0]","['Bassus', 'Bassus', 'Tenor', 'Altus']",ID,4,True
21,41,"Palestrina, Giovanni Pierluigi da",Veni sponsa Christi,84.0,"['11/3.0', '14/1.0', '29/4.0', '32/2.0']","['P5', 'P-5', 'P8']","[84.0, 104.0, 230.0, 250.0]","['-3, 3, 2, -2', '-3, 2, 2, -2']","[20.0, 126.0, 20.0]","['Altus', 'Cantus', 'Altus', 'Cantus']",ID,4,True
22,42,"Palestrina, Giovanni Pierluigi da",Veni sponsa Christi,84.0,"['11/3.0', '17/1.0', '29/4.0', '35/2.0']","['P-4', 'P4', 'P-4']","[84.0, 128.0, 230.0, 274.0]","['-3, 3, 2, -2', '-3, 2, 2, -2']","[44.0, 102.0, 44.0]","['Altus', 'Bassus', 'Altus', 'Bassus']",ID,4,True
23,45,"Palestrina, Giovanni Pierluigi da",Veni sponsa Christi,104.0,"['14/1.0', '17/1.0', '22/4.0', '25/4.0']","['P-8', 'P4', 'P-4']","[104.0, 128.0, 174.0, 198.0]","['-3, 3, 2, -2', '-3, 2, 2, -2']","[24.0, 46.0, 24.0]","['Cantus', 'Bassus', 'Altus', 'Tenor']",ID,4,True
24,47,"Palestrina, Giovanni Pierluigi da",Veni sponsa Christi,104.0,"['14/1.0', '17/1.0', '19/4.0', '22/4.0']","['P-8', 'P1', 'P4']","[104.0, 128.0, 150.0, 174.0]","['-3, 3, 2, -2', '-3, 2, 2, -2']","[24.0, 22.0, 24.0]","['Cantus', 'Bassus', 'Tenor', 'Altus']",ID,4,True
25,48,"Palestrina, Giovanni Pierluigi da",Veni sponsa Christi,104.0,"['14/1.0', '17/1.0', '22/4.0', '25/4.0', '32/2.0', '35/2.0']","['P-8', 'P4', 'P-4', 'P11', 'P-11']","[104.0, 128.0, 174.0, 198.0, 250.0, 274.0]","['-3, 3, 2, -2', '-3, 2, 2, -2']","[24.0, 46.0, 24.0, 52.0, 24.0]","['Cantus', 'Bassus', 'Altus', 'Tenor', 'Cantus', 'Bassus']",ID,6,True
26,49,"Palestrina, Giovanni Pierluigi da",Veni sponsa Christi,104.0,"['14/1.0', '17/1.0', '19/4.0', '22/4.0', '32/2.0', '35/2.0']","['P-8', 'P1', 'P4', 'P8', 'P-11']","[104.0, 128.0, 150.0, 174.0, 250.0, 274.0]","['-3, 3, 2, -2', '-3, 2, 2, -2']","[24.0, 22.0, 24.0, 76.0, 24.0]","['Cantus', 'Bassus', 'Tenor', 'Altus', 'Cantus', 'Bassus']",ID,6,True
27,50,"Palestrina, Giovanni Pierluigi da",Veni sponsa Christi,104.0,"['14/1.0', '17/1.0', '32/2.0', '35/2.0']","['P-8', 'P11', 'P-11']","[104.0, 128.0, 250.0, 274.0]","['-3, 3, 2, -2', '-3, 2, 2, -2']","[24.0, 122.0, 24.0]","['Cantus', 'Bassus', 'Cantus', 'Bassus']",ID,4,True
28,55,"Palestrina, Giovanni Pierluigi da",Veni sponsa Christi,150.0,"['19/4.0', '22/4.0', '25/4.0']","['P4', 'P-4']","[150.0, 174.0, 198.0]","['-3, 3, 2, -2', '-3, 2, 2, -2']","[24.0, 24.0]","['Tenor', 'Altus', 'Tenor']",PEN,3,True
29,56,"Palestrina, Giovanni Pierluigi da",Veni sponsa Christi,150.0,"['19/4.0', '22/4.0', '32/2.0', '35/2.0']","['P4', 'P8', 'P-11']","[150.0, 174.0, 250.0, 274.0]","['-3, 3, 2, -2', '-3, 2, 2, -2']","[24.0, 76.0, 24.0]","['Tenor', 'Altus', 'Cantus', 'Bassus']",ID,4,True
30,57,"Palestrina, Giovanni Pierluigi da",Veni sponsa Christi,150.0,"['19/4.0', '21/4.0', '27/4.0', '29/4.0']","['P8', 'P-12', 'P8']","[150.0, 166.0, 214.0, 230.0]","['-3, 3, 2, -2', '-3, 2, 2, -2']","[16.0, 48.0, 16.0]","['Tenor', 'Cantus', 'Bassus', 'Altus']",ID,4,True
31,58,"Palestrina, Giovanni Pierluigi da",Veni sponsa Christi,150.0,"['19/4.0', '21/4.0', '25/4.0', '27/4.0']","['P8', 'P-8', 'P-5']","[150.0, 166.0, 198.0, 214.0]","['-3, 3, 2, -2', '-3, 2, 2, -2']","[16.0, 32.0, 16.0]","['Tenor', 'Cantus', 'Tenor', 'Bassus']",ID,4,True
32,63,"Palestrina, Giovanni Pierluigi da",Veni sponsa Christi,166.0,"['21/4.0', '25/4.0', '29/4.0']","['P-8', 'P4']","[166.0, 198.0, 230.0]","['-3, 3, 2, -2', '-3, 2, 2, -2']","[32.0, 32.0]","['Cantus', 'Tenor', 'Altus']",PEN,3,True
33,65,"Palestrina, Giovanni Pierluigi da",Veni sponsa Christi,174.0,"['22/4.0', '25/4.0', '32/2.0', '35/2.0']","['P-4', 'P11', 'P-11']","[174.0, 198.0, 250.0, 274.0]","['-3, 3, 2, -2', '-3, 2, 2, -2']","[24.0, 52.0, 24.0]","['Altus', 'Tenor', 'Cantus', 'Bassus']",ID,4,True
34,67,"Palestrina, Giovanni Pierluigi da",Veni sponsa Christi,198.0,"['25/4.0', '27/4.0', '29/4.0']","['P-5', 'P8']","[198.0, 214.0, 230.0]","['-3, 3, 2, -2', '-3, 2, 2, -2']","[16.0, 16.0]","['Tenor', 'Bassus', 'Altus']",PEN,3,True
35,69,"Palestrina, Giovanni Pierluigi da",Veni sponsa Christi,298.0,"['38/2.0', '42/2.0', '46/2.0']","['M-9', 'P15']","[298.0, 330.0, 362.0]","['1, 1, -3, 3']","[32.0, 32.0]","['Altus', 'Bassus', 'Cantus']",PEN,3,False
36,70,"Palestrina, Giovanni Pierluigi da",Veni sponsa Christi,298.0,"['38/2.0', '38/4.0', '40/2.0', '42/2.0', '44/1.0', '46/2.0', '48/4.0']","['P-5', 'P8', 'P-12', 'P8', 'P8', 'P-11']","[298.0, 302.0, 314.0, 330.0, 344.0, 362.0, 382.0]","['1, 1, -3, 3']","[4.0, 12.0, 16.0, 14.0, 18.0, 20.0]","['Altus', 'Tenor', 'Cantus', 'Bassus', 'Altus', 'Cantus', 'Bassus']",FUGA,7,False
37,71,"Palestrina, Giovanni Pierluigi da",Veni sponsa Christi,298.0,"['38/2.0', '40/2.0', '42/2.0']","['P4', 'P-12']","[298.0, 314.0, 330.0]","['1, 1, -3, 3']","[16.0, 16.0]","['Altus', 'Cantus', 'Bassus']",PEN,3,False
38,72,"Palestrina, Giovanni Pierluigi da",Veni sponsa Christi,394.0,"['50/2.0', '55/2.0', '56/4.0', '61/4.0']","['P1', 'P5', 'P1']","[394.0, 434.0, 446.0, 486.0]","['-2, 2, 1, 3']","[40.0, 12.0, 40.0]","['Altus', 'Tenor', 'Altus', 'Cantus']",ID,4,False
39,73,"Palestrina, Giovanni Pierluigi da",Veni sponsa Christi,394.0,"['50/2.0', '51/4.0', '55/2.0', '56/4.0']","['P5', 'P-5', 'P5']","[394.0, 406.0, 434.0, 446.0]","['-2, 2, 1, 3']","[12.0, 28.0, 12.0]","['Altus', 'Cantus', 'Tenor', 'Altus']",ID,4,False
40,74,"Palestrina, Giovanni Pierluigi da",Veni sponsa Christi,394.0,"['50/2.0', '51/4.0', '53/2.0']","['P5', 'P-8']","[394.0, 406.0, 418.0]","['-2, 2, 1, 3']","[12.0, 12.0]","['Altus', 'Cantus', 'Bassus']",PEN,3,False
41,75,"Palestrina, Giovanni Pierluigi da",Veni sponsa Christi,394.0,"['50/2.0', '51/4.0', '53/2.0', '55/2.0', '56/4.0', '59/1.0', '61/4.0', '62/2.0', '64/2.0']","['P5', 'P-8', 'P4', 'P5', 'P-8', 'P8', 'P-4', 'P-5']","[394.0, 406.0, 418.0, 434.0, 446.0, 464.0, 486.0, 490.0, 506.0]","['-2, 2, 1, 3']","[12.0, 12.0, 16.0, 12.0, 18.0, 22.0, 4.0, 16.0]","['Altus', 'Cantus', 'Bassus', 'Tenor', 'Altus', 'Bassus', 'Cantus', 'Altus', 'Tenor']",FUGA,9,False
42,76,"Palestrina, Giovanni Pierluigi da",Veni sponsa Christi,406.0,"['51/4.0', '53/2.0', '55/2.0', '56/4.0']","['P-8', 'P4', 'P5']","[406.0, 418.0, 434.0, 446.0]","['-2, 2, 1, 3']","[12.0, 16.0, 12.0]","['Cantus', 'Bassus', 'Tenor', 'Altus']",ID,4,False
43,77,"Palestrina, Giovanni Pierluigi da",Veni sponsa Christi,406.0,"['51/4.0', '56/4.0', '61/4.0']","['P1', 'P1']","[406.0, 446.0, 486.0]","['-2, 2, 1, 3']","[40.0, 40.0]","['Cantus', 'Altus', 'Cantus']",PEN,3,False
44,78,"Palestrina, Giovanni Pierluigi da",Veni sponsa Christi,418.0,"['53/2.0', '55/2.0', '62/2.0', '64/2.0']","['P4', 'M2', 'P-5']","[418.0, 434.0, 490.0, 506.0]","['-2, 2, 1, 3']","[16.0, 56.0, 16.0]","['Bassus', 'Tenor', 'Altus', 'Tenor']",ID,4,False
45,0,Giovanni Pierluigi da Palestrina,Missa Veni sponsa Christi: Kyrie,0.0,"['1/1.0', '2/1.0', '6/1.0', '7/1.0']","['P-5', 'P-4', 'P-5']","[0.0, 8.0, 40.0, 48.0]","['-3, 3, 2, -2', '-3, 2, 2, -2']","[8.0, 32.0, 8.0]","['Cantus', 'Altus', 'Tenor', 'Bassus']",ID,4,True
46,3,Giovanni Pierluigi da Palestrina,Missa Veni sponsa Christi: Kyrie,78.0,"['10/4.0', '12/2.0', '14/2.0', '15/3.0']","['P-4', 'P-5', 'P-4']","[78.0, 90.0, 106.0, 116.0]","['2, 2, 2, 2']","[12.0, 16.0, 10.0]","['Cantus', 'Altus', 'Tenor', 'Bassus']",FUGA,4,False
47,4,Giovanni Pierluigi da Palestrina,Missa Veni sponsa Christi: Kyrie,160.0,"['20/1.0', '24/1.0', '35/3.0', '39/3.0']","['P-8', 'P-5', 'P5']","[160.0, 192.0, 284.0, 316.0]","['-3, 3, 2, -2', '-3, 2, 2, -2']","[32.0, 92.0, 32.0]","['Cantus', 'Tenor', 'Bassus', 'Bassus']",ID,4,True
48,6,Giovanni Pierluigi da Palestrina,Missa Veni sponsa Christi: Kyrie,160.0,"['20/1.0', '24/1.0', '30/2.0', '33/1.0', '35/3.0', '39/3.0']","['P-8', 'P1', 'P4', 'P-8', 'P5']","[160.0, 192.0, 242.0, 264.0, 284.0, 316.0]","['-3, 3, 2, -2', '-3, 2, 2, -2']","[32.0, 50.0, 22.0, 20.0, 32.0]","['Cantus', 'Tenor', 'Bassus', 'Altus', 'Bassus', 'Bassus']",FUGA,6,True
49,7,Giovanni Pierluigi da Palestrina,Missa Veni sponsa Christi: Kyrie,164.0,"['20/3.0', '24/3.0', '27/2.0', '27/4.0', '30/4.0', '36/1.0', '40/2.0', '40/4.0']","['P-8', 'P8', 'P-8', 'P5', 'P4', 'P5', 'M-6']","[164.0, 196.0, 218.0, 222.0, 246.0, 288.0, 322.0, 326.0]","['2, 2, -2, -3']","[32.0, 22.0, 4.0, 24.0, 42.0, 34.0, 4.0]","['Altus', 'Bassus', 'Cantus', 'Tenor', 'Tenor', 'Altus', 'Cantus', 'Tenor']",FUGA,8,False
50,8,Giovanni Pierluigi da Palestrina,Missa Veni sponsa Christi: Kyrie,218.0,"['27/2.0', '27/4.0', '40/2.0', '40/4.0']","['P-8', 'P12', 'M-6']","[218.0, 222.0, 322.0, 326.0]","['2, 2, -2, -3']","[4.0, 100.0, 4.0]","['Cantus', 'Tenor', 'Cantus', 'Tenor']",ID,4,False
51,9,Giovanni Pierluigi da Palestrina,Missa Veni sponsa Christi: Kyrie,368.0,"['45/1.0', '45/3.0', '47/3.0', '49/3.0', '51/4.0', '52/2.0', '53/3.0']","['P-5', 'P8', 'P-8', 'P8', 'P-5', 'P-8']","[368.0, 372.0, 388.0, 404.0, 422.0, 426.0, 436.0]","['1, 1, -3, 3', '1, 1, -3, 2']","[4.0, 16.0, 16.0, 18.0, 4.0, 10.0]","['Altus', 'Tenor', 'Cantus', 'Bassus', 'Altus', 'Tenor', 'Bassus']",FUGA,7,True
52,10,Giovanni Pierluigi da Palestrina,Missa Veni sponsa Christi: Kyrie,368.0,"['45/1.0', '45/3.0', '51/4.0', '52/2.0']","['P-5', 'P8', 'P-5']","[368.0, 372.0, 422.0, 426.0]","['1, 1, -3, 3', '1, 1, -3, 2']","[4.0, 50.0, 4.0]","['Altus', 'Tenor', 'Altus', 'Tenor']",ID,4,True
53,12,Giovanni Pierluigi da Palestrina,Missa Veni sponsa Christi: Kyrie,372.0,"['45/3.0', '47/3.0', '49/3.0']","['P8', 'P-8']","[372.0, 388.0, 404.0]","['1, 1, -3, 3', '1, 1, -3, 2']","[16.0, 16.0]","['Tenor', 'Cantus', 'Bassus']",PEN,3,True
54,13,Giovanni Pierluigi da Palestrina,Missa Veni sponsa Christi: Kyrie,372.0,"['45/3.0', '49/3.0', '53/3.0']","['P1', 'P-5']","[372.0, 404.0, 436.0]","['1, 1, -3, 3', '1, 1, -3, 2']","[32.0, 32.0]","['Tenor', 'Bassus', 'Bassus']",PEN,3,True
55,16,Giovanni Pierluigi da Palestrina,Missa Veni sponsa Christi: Kyrie,458.0,"['56/2.0', '58/4.0', '61/3.0', '63/2.0']","['P-8', 'P-5', 'P12']","[458.0, 478.0, 500.0, 514.0]","['-2, 2, 1, 3']","[20.0, 22.0, 14.0]","['Cantus', 'Tenor', 'Bassus', 'Cantus']",FUGA,4,False
56,17,Giovanni Pierluigi da Palestrina,Missa Veni sponsa Christi: Kyrie,510.0,"['62/4.0', '64/2.0']",['P5'],"[510.0, 522.0]","['-2, 2, 2, 2']",[12.0],"['Tenor', 'Altus']",FUGA,2,False
57,0,Giovanni Pierluigi da Palestrina,Missa Veni sponsa Christi: Gloria,4.0,"['1/3.0', '5/1.0']",['P-8'],"[4.0, 32.0]","['-3, 2, 2, -5']",[28.0],"['Altus', 'Bassus']",FUGA,2,False
58,1,Giovanni Pierluigi da Palestrina,Missa Veni sponsa Christi: Gloria,50.0,"['7/2.0', '7/4.0']",['P5'],"[50.0, 54.0]","['-2, -3, 3, -2']",[4.0],"['Altus', 'Cantus']",FUGA,2,False
59,2,Giovanni Pierluigi da Palestrina,Missa Veni sponsa Christi: Gloria,76.0,"['10/3.0', '11/3.0', '12/3.0']","['M9', 'M-2']","[76.0, 84.0, 92.0]","['1, -2, -3, 3']","[8.0, 8.0]","['Bassus', 'Cantus', 'Altus']",PEN,3,False
60,4,Giovanni Pierluigi da Palestrina,Missa Veni sponsa Christi: Gloria,162.0,"['21/2.0', '22/2.0']",['P8'],"[162.0, 170.0]","['1, -3, 2, 2', '1, -3, 3, 2']",[8.0],"['Tenor', 'Cantus']",FUGA,2,True
61,5,Giovanni Pierluigi da Palestrina,Missa Veni sponsa Christi: Gloria,236.0,"['30/3.0', '37/4.0', '39/2.0', '40/2.0']","['P-11', 'P5', 'P8']","[236.0, 294.0, 306.0, 314.0]","['-2, 2, 3, -2']","[58.0, 12.0, 8.0]","['Cantus', 'Bassus', 'Tenor', 'Cantus']",FUGA,4,False
62,6,Giovanni Pierluigi da Palestrina,Missa Veni sponsa Christi: Gloria,266.0,"['34/2.0', '34/4.0', '35/2.0']","['P4', 'P5']","[266.0, 270.0, 274.0]","['1, -2, 2, 1']","[4.0, 4.0]","['Tenor', 'Altus', 'Cantus']",PEN,3,False
63,8,Giovanni Pierluigi da Palestrina,Missa Veni sponsa Christi: Gloria,352.0,"['44/1.0', '45/1.0', '46/1.0', '47/1.0']","['P8', 'P-12', 'P8']","[352.0, 360.0, 368.0, 376.0]","['1, -3, 2, 2', '1, -3, 3, 2']","[8.0, 8.0, 8.0]","['Tenor', 'Cantus', 'Bassus', 'Altus']",PEN,4,True
64,9,Giovanni Pierluigi da Palestrina,Missa Veni sponsa Christi: Gloria,352.0,"['44/1.0', '45/1.0', '46/1.0']","['P8', 'P-12']","[352.0, 360.0, 368.0]","['1, -3, 2, 2', '1, -3, 3, 2']","[8.0, 8.0]","['Tenor', 'Cantus', 'Bassus']",PEN,3,True
65,11,Giovanni Pierluigi da Palestrina,Missa Veni sponsa Christi: Gloria,352.0,"['44/1.0', '45/1.0', '46/1.0', '47/1.0', '54/1.0', '55/2.0']","['P8', 'P-12', 'P8', 'P-8', 'P8']","[352.0, 360.0, 368.0, 376.0, 432.0, 442.0]","['1, -3, 2, 2', '1, -3, 3, 2']","[8.0, 8.0, 8.0, 56.0, 10.0]","['Tenor', 'Cantus', 'Bassus', 'Altus', 'Bassus', 'Altus']",FUGA,6,True
66,13,Giovanni Pierluigi da Palestrina,Missa Veni sponsa Christi: Gloria,360.0,"['45/1.0', '46/1.0', '47/1.0']","['P-12', 'P8']","[360.0, 368.0, 376.0]","['1, -3, 2, 2', '1, -3, 3, 2']","[8.0, 8.0]","['Cantus', 'Bassus', 'Altus']",PEN,3,True
67,15,Giovanni Pierluigi da Palestrina,Missa Veni sponsa Christi: Gloria,402.0,['50/2.0'],['M-10'],"[402.0, 402.0]","['-3, 3, 2, -2', '-3, 2, 2, -2']",[0.0],"['Cantus', 'Bassus']",FUGA,2,True
68,16,Giovanni Pierluigi da Palestrina,Missa Veni sponsa Christi: Gloria,482.0,"['60/2.0', '62/2.0']",['P1'],"[482.0, 498.0]","['-3, 3, 2, -2', '-3, 2, 2, -2']",[16.0],"['Altus', 'Tenor']",FUGA,2,True
69,17,Giovanni Pierluigi da Palestrina,Missa Veni sponsa Christi: Gloria,522.0,"['65/2.0', '68/2.0']",['P8'],"[522.0, 546.0]","['1, -3, 3, -2']",[24.0],"['Bassus', 'Cantus']",FUGA,2,False
70,18,Giovanni Pierluigi da Palestrina,Missa Veni sponsa Christi: Gloria,570.0,"['71/2.0', '73/2.0', '74/1.0', '78/3.0']","['P5', 'P-8', 'P4']","[570.0, 586.0, 592.0, 628.0]","['-2, 2, 1, 3']","[16.0, 6.0, 36.0]","['Tenor', 'Cantus', 'Bassus', 'Bassus']",FUGA,4,False
71,19,Giovanni Pierluigi da Palestrina,Missa Veni sponsa Christi: Gloria,678.0,"['84/4.0', '87/2.0']",['P-11'],"[678.0, 698.0]","['1, 1, -3, 3']",[20.0],"['Cantus', 'Bassus']",FUGA,2,False
72,20,Giovanni Pierluigi da Palestrina,Missa Veni sponsa Christi: Gloria,706.0,"['88/2.0', '89/2.0', '90/2.0', '91/2.0']","['P1', 'P-8', 'P5']","[706.0, 714.0, 722.0, 730.0]","['1, -2, 2, 3']","[8.0, 8.0, 8.0]","['Cantus', 'Altus', 'Bassus', 'Tenor']",PEN,4,False
73,21,Giovanni Pierluigi da Palestrina,Missa Veni sponsa Christi: Gloria,706.0,"['88/2.0', '90/2.0', '94/2.0', '96/2.0']","['P-8', 'P-5', 'P12']","[706.0, 722.0, 754.0, 770.0]","['1, -2, 2, 3']","[16.0, 32.0, 16.0]","['Cantus', 'Bassus', 'Bassus', 'Cantus']",ID,4,False
74,22,Giovanni Pierluigi da Palestrina,Missa Veni sponsa Christi: Gloria,706.0,"['88/2.0', '89/2.0', '90/2.0', '91/2.0', '94/2.0', '95/1.0', '96/2.0']","['P1', 'P-8', 'P5', 'M-9', 'P5', 'P8']","[706.0, 714.0, 722.0, 730.0, 754.0, 760.0, 770.0]","['1, -2, 2, 3']","[8.0, 8.0, 8.0, 24.0, 6.0, 10.0]","['Cantus', 'Altus', 'Bassus', 'Tenor', 'Bassus', 'Tenor', 'Cantus']",FUGA,7,False
75,23,Giovanni Pierluigi da Palestrina,Missa Veni sponsa Christi: Gloria,706.0,"['88/2.0', '91/2.0', '94/2.0']","['P-4', 'M-9']","[706.0, 730.0, 754.0]","['1, -2, 2, 3']","[24.0, 24.0]","['Cantus', 'Tenor', 'Bassus']",PEN,3,False
76,24,Giovanni Pierluigi da Palestrina,Missa Veni sponsa Christi: Gloria,706.0,"['88/2.0', '89/2.0', '90/2.0']","['P1', 'P-8']","[706.0, 714.0, 722.0]","['1, -2, 2, 3']","[8.0, 8.0]","['Cantus', 'Altus', 'Bassus']",PEN,3,False
77,25,Giovanni Pierluigi da Palestrina,Missa Veni sponsa Christi: Gloria,714.0,"['89/2.0', '90/2.0', '91/2.0']","['P-8', 'P5']","[714.0, 722.0, 730.0]","['1, -2, 2, 3']","[8.0, 8.0]","['Altus', 'Bassus', 'Tenor']",PEN,3,False
78,26,Giovanni Pierluigi da Palestrina,Missa Veni sponsa Christi: Gloria,714.0,"['89/2.0', '91/2.0', '94/2.0', '96/2.0']","['P-4', 'M-9', 'P12']","[714.0, 730.0, 754.0, 770.0]","['1, -2, 2, 3']","[16.0, 24.0, 16.0]","['Altus', 'Tenor', 'Bassus', 'Cantus']",ID,4,False
79,0,Giovanni Pierluigi da Palestrina,Missa Veni sponsa Christi: Credo,0.0,"['1/1.0', '2/1.0']",['P-5'],"[0.0, 8.0]","['-3, 1, 3, 1']",[8.0],"['Cantus', 'Altus']",FUGA,2,False
80,1,Giovanni Pierluigi da Palestrina,Missa Veni sponsa Christi: Credo,44.0,"['6/3.0', '7/1.0', '10/1.0']","['P-5', 'P8']","[44.0, 48.0, 72.0]","['1, 1, -3, 3']","[4.0, 24.0]","['Tenor', 'Bassus', 'Altus']",FUGA,3,False
81,2,Giovanni Pierluigi da Palestrina,Missa Veni sponsa Christi: Credo,98.0,"['13/2.0', '14/2.0']",['P-5'],"[98.0, 106.0]","['-2, 2, -2, -2']",[8.0],"['Cantus', 'Tenor']",FUGA,2,False
82,3,Giovanni Pierluigi da Palestrina,Missa Veni sponsa Christi: Credo,130.0,"['17/2.0', '18/2.0']",['P8'],"[130.0, 138.0]","['1, -2, 2, -2']",[8.0],"['Bassus', 'Cantus']",FUGA,2,False
83,4,Giovanni Pierluigi da Palestrina,Missa Veni sponsa Christi: Credo,178.0,"['23/2.0', '23/4.0', '25/4.0', '26/2.0']","['P-5', 'P8', 'P-5']","[178.0, 182.0, 198.0, 202.0]","['1, -3, 3, -2']","[4.0, 16.0, 4.0]","['Tenor', 'Bassus', 'Cantus', 'Altus']",ID,4,False
84,6,Giovanni Pierluigi da Palestrina,Missa Veni sponsa Christi: Credo,218.0,"['28/2.0', '29/2.0']",['P5'],"[218.0, 226.0]","['-3, 2, 2, -2', '-3, 3, 2, -2']",[8.0],"['Tenor', 'Cantus']",FUGA,2,True
85,7,Giovanni Pierluigi da Palestrina,Missa Veni sponsa Christi: Credo,242.0,"['31/2.0', '32/2.0']",['P8'],"[242.0, 250.0]","['-3, 2, 2, 1', '-3, 3, 2, 1']",[8.0],"['Bassus', 'Altus']",FUGA,2,True
86,8,Giovanni Pierluigi da Palestrina,Missa Veni sponsa Christi: Credo,310.0,"['39/4.0', '40/2.0']",['P-4'],"[310.0, 314.0]","['-2, -2, 1, -2']",[4.0],"['Cantus', 'Altus']",FUGA,2,False
87,9,Giovanni Pierluigi da Palestrina,Missa Veni sponsa Christi: Credo,336.0,"['43/1.0', '45/4.0']",['m3'],"[336.0, 358.0]","['1, 1, 4, -3']",[22.0],"['Bassus', 'Bassus']",FUGA,2,False
88,10,Giovanni Pierluigi da Palestrina,Missa Veni sponsa Christi: Credo,358.0,['45/4.0'],['m-3'],"[358.0, 358.0]","['1, 1, 2, -3', '1, 1, 2, -4']",[0.0],"['Cantus', 'Altus']",FUGA,2,True
89,11,Giovanni Pierluigi da Palestrina,Missa Veni sponsa Christi: Credo,416.0,"['53/1.0', '60/2.0']",['M9'],"[416.0, 474.0]","['1, -2, -2, -3', '1, -2, -2, -2']",[58.0],"['Bassus', 'Altus']",FUGA,2,True
90,12,Giovanni Pierluigi da Palestrina,Missa Veni sponsa Christi: Credo,572.0,"['71/3.0', '72/3.0']",['P-5'],"[572.0, 580.0]","['2, -3, 2, -3']",[8.0],"['Tenor', 'Bassus']",FUGA,2,False
91,13,Giovanni Pierluigi da Palestrina,Missa Veni sponsa Christi: Credo,598.0,"['74/4.0', '75/2.0', '75/4.0']","['P-4', 'P-5']","[598.0, 602.0, 606.0]","['-2, -2, -2, -2']","[4.0, 4.0]","['Cantus', 'Altus', 'Tenor']",PEN,3,False
92,15,Giovanni Pierluigi da Palestrina,Missa Veni sponsa Christi: Credo,658.0,"['82/2.0', '82/4.0']",['P4'],"[658.0, 662.0]","['-2, -2, 3, 2']",[4.0],"['Altus', 'Cantus']",FUGA,2,False
93,16,Giovanni Pierluigi da Palestrina,Missa Veni sponsa Christi: Credo,698.0,"['87/2.0', '87/4.0']",['P5'],"[698.0, 702.0]","['-2, -3, 3, -2', '-2, -3, 2, -2']",[4.0],"['Altus', 'Cantus']",FUGA,2,True
94,17,Giovanni Pierluigi da Palestrina,Missa Veni sponsa Christi: Credo,722.0,"['90/2.0', '92/2.0', '93/2.0', '95/2.0']","['P8', 'M-9', 'P5']","[722.0, 738.0, 746.0, 762.0]","['4, 2, 2, 2', '4, 1, 2, 2']","[16.0, 8.0, 16.0]","['Tenor', 'Cantus', 'Tenor', 'Altus']",ID,4,True
95,18,Giovanni Pierluigi da Palestrina,Missa Veni sponsa Christi: Credo,722.0,"['90/2.0', '90/4.0', '94/4.0', '95/2.0']","['P-5', 'P11', 'P-4']","[722.0, 726.0, 758.0, 762.0]","['4, 2, 2, 2', '4, 1, 2, 2']","[4.0, 32.0, 4.0]","['Tenor', 'Bassus', 'Cantus', 'Altus']",ID,4,True
96,19,Giovanni Pierluigi da Palestrina,Missa Veni sponsa Christi: Credo,722.0,"['90/2.0', '90/4.0', '94/2.0', '94/4.0']","['P-5', 'M-2', 'P12']","[722.0, 726.0, 754.0, 758.0]","['4, 2, 2, 2', '4, 1, 2, 2']","[4.0, 28.0, 4.0]","['Tenor', 'Bassus', 'Bassus', 'Cantus']",ID,4,True
97,20,Giovanni Pierluigi da Palestrina,Missa Veni sponsa Christi: Credo,722.0,"['90/2.0', '92/2.0', '94/2.0']","['P8', 'M-13']","[722.0, 738.0, 754.0]","['4, 2, 2, 2', '4, 1, 2, 2']","[16.0, 16.0]","['Tenor', 'Cantus', 'Bassus']",PEN,3,True
98,22,Giovanni Pierluigi da Palestrina,Missa Veni sponsa Christi: Credo,722.0,"['90/2.0', '90/4.0', '92/2.0', '93/2.0', '94/2.0', '94/4.0', '95/2.0']","['P-5', 'P12', 'M-9', 'P-5', 'P12', 'P-4']","[722.0, 726.0, 738.0, 746.0, 754.0, 758.0, 762.0]","['4, 2, 2, 2', '4, 1, 2, 2']","[4.0, 12.0, 8.0, 8.0, 4.0, 4.0]","['Tenor', 'Bassus', 'Cantus', 'Tenor', 'Bassus', 'Cantus', 'Altus']",FUGA,7,True
99,26,Giovanni Pierluigi da Palestrina,Missa Veni sponsa Christi: Credo,726.0,"['90/4.0', '92/2.0', '93/2.0', '94/4.0']","['P12', 'M-9', 'P8']","[726.0, 738.0, 746.0, 758.0]","['4, 2, 2, 2', '4, 1, 2, 2']","[12.0, 8.0, 12.0]","['Bassus', 'Cantus', 'Tenor', 'Cantus']",ID,4,True
100,28,Giovanni Pierluigi da Palestrina,Missa Veni sponsa Christi: Credo,738.0,"['92/2.0', '93/2.0', '94/2.0', '95/2.0']","['M-9', 'P-5', 'M9']","[738.0, 746.0, 754.0, 762.0]","['4, 2, 2, 2', '4, 1, 2, 2']","[8.0, 8.0, 8.0]","['Cantus', 'Tenor', 'Bassus', 'Altus']",PEN,4,True
101,29,Giovanni Pierluigi da Palestrina,Missa Veni sponsa Christi: Credo,738.0,"['92/2.0', '93/2.0', '94/2.0']","['M-9', 'P-5']","[738.0, 746.0, 754.0]","['4, 2, 2, 2', '4, 1, 2, 2']","[8.0, 8.0]","['Cantus', 'Tenor', 'Bassus']",PEN,3,True
102,32,Giovanni Pierluigi da Palestrina,Missa Veni sponsa Christi: Credo,746.0,"['93/2.0', '94/2.0', '95/2.0']","['P-5', 'M9']","[746.0, 754.0, 762.0]","['4, 2, 2, 2', '4, 1, 2, 2']","[8.0, 8.0]","['Tenor', 'Bassus', 'Altus']",PEN,3,True
103,34,Giovanni Pierluigi da Palestrina,Missa Veni sponsa Christi: Credo,754.0,"['94/2.0', '94/4.0', '95/2.0']","['P12', 'P-4']","[754.0, 758.0, 762.0]","['4, 2, 2, 2', '4, 1, 2, 2']","[4.0, 4.0]","['Bassus', 'Cantus', 'Altus']",PEN,3,True
104,36,Giovanni Pierluigi da Palestrina,Missa Veni sponsa Christi: Credo,848.0,"['106/1.0', '107/1.0']",['P-5'],"[848.0, 856.0]","['2, -3, -2, 2']",[8.0],"['Tenor', 'Bassus']",FUGA,2,False
105,37,Giovanni Pierluigi da Palestrina,Missa Veni sponsa Christi: Credo,994.0,"['124/2.0', '125/2.0']",['P4'],"[994.0, 1002.0]","['-2, 2, -3, 2']",[8.0],"['Altus', 'Cantus']",FUGA,2,False
106,38,Giovanni Pierluigi da Palestrina,Missa Veni sponsa Christi: Credo,1074.0,"['134/2.0', '135/2.0']",['P8'],"[1074.0, 1082.0]","['2, 2, 1, 2', '1, 2, 1, 2', '2, 2, 2, 2']",[8.0],"['Tenor', 'Cantus']",FUGA,2,True
107,39,Giovanni Pierluigi da Palestrina,Missa Veni sponsa Christi: Credo,1080.0,"['135/1.0', '137/3.0']",['P-8'],"[1080.0, 1100.0]","['-3, 2, 2, -2', '-3, 3, 2, -2']",[20.0],"['Altus', 'Bassus']",FUGA,2,True
108,40,Giovanni Pierluigi da Palestrina,Missa Veni sponsa Christi: Credo,1142.0,"['142/4.0', '145/2.0', '147/3.0', '149/2.0', '149/4.0']","['P1', 'P-8', 'P5', 'M-2']","[1142.0, 1162.0, 1180.0, 1194.0, 1198.0]","['-2, 2, 1, 3', '-2, 2, 1, 4']","[20.0, 18.0, 14.0, 4.0]","['Cantus', 'Altus', 'Bassus', 'Tenor', 'Altus']",FUGA,5,True
109,41,Giovanni Pierluigi da Palestrina,Missa Veni sponsa Christi: Credo,1162.0,"['145/2.0', '147/3.0', '149/4.0']","['P-8', 'P4']","[1162.0, 1180.0, 1198.0]","['-2, 2, 1, 3', '-2, 2, 1, 4']","[18.0, 18.0]","['Altus', 'Bassus', 'Altus']",PEN,3,True
110,0,Giovanni Pierluigi da Palestrina,Missa Veni sponsa Christi: Sanctus,0.0,"['1/1.0', '3/1.0', '7/3.0', '12/1.0']","['P-5', 'P-4', 'P-5']","[0.0, 16.0, 52.0, 88.0]","['-3, 3, 2, -2']","[16.0, 36.0, 36.0]","['Cantus', 'Altus', 'Tenor', 'Bassus']",FUGA,4,False
111,1,Giovanni Pierluigi da Palestrina,Missa Veni sponsa Christi: Sanctus,2.0,"['1/2.0', '3/2.0', '7/4.0', '9/4.0']","['P-5', 'P-4', 'P8']","[2.0, 18.0, 54.0, 70.0]","['-2, 2, -3, 2']","[16.0, 36.0, 16.0]","['Tenor', 'Bassus', 'Bassus', 'Altus']",ID,4,False
112,2,Giovanni Pierluigi da Palestrina,Missa Veni sponsa Christi: Sanctus,2.0,"['1/2.0', '3/2.0', '5/2.0', '7/4.0', '9/4.0']","['P-5', 'P8', 'P-11', 'P8']","[2.0, 18.0, 34.0, 54.0, 70.0]","['-2, 2, -3, 2']","[16.0, 16.0, 20.0, 16.0]","['Tenor', 'Bassus', 'Cantus', 'Bassus', 'Altus']",FUGA,5,False
113,3,Giovanni Pierluigi da Palestrina,Missa Veni sponsa Christi: Sanctus,2.0,"['1/2.0', '3/2.0', '5/2.0']","['P-5', 'P8']","[2.0, 18.0, 34.0]","['-2, 2, -3, 2']","[16.0, 16.0]","['Tenor', 'Bassus', 'Cantus']",PEN,3,False
114,4,Giovanni Pierluigi da Palestrina,Missa Veni sponsa Christi: Sanctus,16.0,"['3/1.0', '7/3.0', '12/1.0']","['P-4', 'P-5']","[16.0, 52.0, 88.0]","['-3, 3, 2, -2']","[36.0, 36.0]","['Altus', 'Tenor', 'Bassus']",PEN,3,False
115,5,Giovanni Pierluigi da Palestrina,Missa Veni sponsa Christi: Sanctus,18.0,"['3/2.0', '5/2.0', '7/4.0', '9/4.0']","['P8', 'P-11', 'P8']","[18.0, 34.0, 54.0, 70.0]","['-2, 2, -3, 2']","[16.0, 20.0, 16.0]","['Bassus', 'Cantus', 'Bassus', 'Altus']",ID,4,False
116,6,Giovanni Pierluigi da Palestrina,Missa Veni sponsa Christi: Sanctus,26.0,"['4/2.0', '8/4.0']",['P5'],"[26.0, 62.0]","['2, 2, 2, -2']",[36.0],"['Tenor', 'Cantus']",FUGA,2,False
117,7,Giovanni Pierluigi da Palestrina,Missa Veni sponsa Christi: Sanctus,122.0,"['16/2.0', '16/4.0', '20/4.0', '21/2.0']","['P4', 'P1', 'P5']","[122.0, 126.0, 158.0, 162.0]","['1, -3, 2, 2', '1, -2, 2, 2']","[4.0, 32.0, 4.0]","['Bassus', 'Tenor', 'Bassus', 'Altus']",ID,4,True
118,8,Giovanni Pierluigi da Palestrina,Missa Veni sponsa Christi: Sanctus,122.0,"['16/2.0', '18/4.0', '21/2.0']","['P8', 'P1']","[122.0, 142.0, 162.0]","['1, -3, 2, 2', '1, -2, 2, 2']","[20.0, 20.0]","['Bassus', 'Altus', 'Altus']",PEN,3,True
119,9,Giovanni Pierluigi da Palestrina,Missa Veni sponsa Christi: Sanctus,122.0,"['16/2.0', '16/4.0', '18/4.0', '19/2.0', '20/4.0', '21/2.0']","['P4', 'P5', 'P4', 'P-8', 'P5']","[122.0, 126.0, 142.0, 146.0, 158.0, 162.0]","['1, -3, 2, 2', '1, -2, 2, 2']","[4.0, 16.0, 4.0, 12.0, 4.0]","['Bassus', 'Tenor', 'Altus', 'Cantus', 'Bassus', 'Altus']",ID,6,True
120,10,Giovanni Pierluigi da Palestrina,Missa Veni sponsa Christi: Sanctus,122.0,"['16/2.0', '16/4.0', '18/4.0', '19/2.0']","['P4', 'P5', 'P4']","[122.0, 126.0, 142.0, 146.0]","['1, -3, 2, 2', '1, -2, 2, 2']","[4.0, 16.0, 4.0]","['Bassus', 'Tenor', 'Altus', 'Cantus']",ID,4,True
121,12,Giovanni Pierluigi da Palestrina,Missa Veni sponsa Christi: Sanctus,122.0,"['16/2.0', '16/4.0', '18/4.0', '19/2.0', '20/4.0', '21/2.0', '22/4.0', '24/4.0']","['P4', 'P5', 'P4', 'P-8', 'P5', 'P-4', 'P-5']","[122.0, 126.0, 142.0, 146.0, 158.0, 162.0, 174.0, 190.0]","['1, -3, 2, 2', '1, -2, 2, 2']","[4.0, 16.0, 4.0, 12.0, 4.0, 12.0, 16.0]","['Bassus', 'Tenor', 'Altus', 'Cantus', 'Bassus', 'Altus', 'Tenor', 'Bassus']",FUGA,8,True
122,16,Giovanni Pierluigi da Palestrina,Missa Veni sponsa Christi: Sanctus,126.0,"['16/4.0', '18/4.0', '19/2.0', '21/2.0']","['P5', 'P4', 'P-4']","[126.0, 142.0, 146.0, 162.0]","['1, -3, 2, 2', '1, -2, 2, 2']","[16.0, 4.0, 16.0]","['Tenor', 'Altus', 'Cantus', 'Altus']",ID,4,True
123,17,Giovanni Pierluigi da Palestrina,Missa Veni sponsa Christi: Sanctus,126.0,"['16/4.0', '18/4.0', '22/4.0', '24/4.0']","['P5', 'P-4', 'P-5']","[126.0, 142.0, 174.0, 190.0]","['1, -3, 2, 2', '1, -2, 2, 2']","[16.0, 32.0, 16.0]","['Tenor', 'Altus', 'Tenor', 'Bassus']",ID,4,True
124,18,Giovanni Pierluigi da Palestrina,Missa Veni sponsa Christi: Sanctus,126.0,"['16/4.0', '18/4.0', '20/4.0']","['P5', 'P-5']","[126.0, 142.0, 158.0]","['1, -3, 2, 2', '1, -2, 2, 2']","[16.0, 16.0]","['Tenor', 'Altus', 'Bassus']",PEN,3,True
125,19,Giovanni Pierluigi da Palestrina,Missa Veni sponsa Christi: Sanctus,126.0,"['16/4.0', '18/4.0', '20/4.0', '22/4.0']","['P5', 'P-5', 'M2']","[126.0, 142.0, 158.0, 174.0]","['1, -3, 2, 2', '1, -2, 2, 2']","[16.0, 16.0, 16.0]","['Tenor', 'Altus', 'Bassus', 'Tenor']",PEN,4,True
126,20,Giovanni Pierluigi da Palestrina,Missa Veni sponsa Christi: Sanctus,126.0,"['16/4.0', '18/4.0', '20/4.0', '22/4.0', '24/4.0']","['P5', 'P-5', 'M2', 'P-5']","[126.0, 142.0, 158.0, 174.0, 190.0]","['1, -3, 2, 2', '1, -2, 2, 2']","[16.0, 16.0, 16.0, 16.0]","['Tenor', 'Altus', 'Bassus', 'Tenor', 'Bassus']",PEN,5,True
127,21,Giovanni Pierluigi da Palestrina,Missa Veni sponsa Christi: Sanctus,126.0,"['16/4.0', '20/4.0', '24/4.0']","['P1', 'P-4']","[126.0, 158.0, 190.0]","['1, -3, 2, 2', '1, -2, 2, 2']","[32.0, 32.0]","['Tenor', 'Bassus', 'Bassus']",PEN,3,True
128,26,Giovanni Pierluigi da Palestrina,Missa Veni sponsa Christi: Sanctus,126.0,"['16/4.0', '18/4.0', '19/2.0', '21/2.0', '22/4.0', '24/4.0']","['P5', 'P4', 'P-4', 'P-4', 'P-5']","[126.0, 142.0, 146.0, 162.0, 174.0, 190.0]","['1, -3, 2, 2', '1, -2, 2, 2']","[16.0, 4.0, 16.0, 12.0, 16.0]","['Tenor', 'Altus', 'Cantus', 'Altus', 'Tenor', 'Bassus']",ID,6,True
129,30,Giovanni Pierluigi da Palestrina,Missa Veni sponsa Christi: Sanctus,142.0,"['18/4.0', '19/2.0', '20/4.0', '21/2.0']","['P4', 'P-8', 'P5']","[142.0, 146.0, 158.0, 162.0]","['1, -3, 2, 2', '1, -2, 2, 2']","[4.0, 12.0, 4.0]","['Altus', 'Cantus', 'Bassus', 'Altus']",ID,4,True
130,31,Giovanni Pierluigi da Palestrina,Missa Veni sponsa Christi: Sanctus,142.0,"['18/4.0', '20/4.0', '22/4.0', '24/4.0']","['P-5', 'M2', 'P-5']","[142.0, 158.0, 174.0, 190.0]","['1, -3, 2, 2', '1, -2, 2, 2']","[16.0, 16.0, 16.0]","['Altus', 'Bassus', 'Tenor', 'Bassus']",PEN,4,True
131,33,Giovanni Pierluigi da Palestrina,Missa Veni sponsa Christi: Sanctus,142.0,"['18/4.0', '20/4.0', '22/4.0']","['P-5', 'M2']","[142.0, 158.0, 174.0]","['1, -3, 2, 2', '1, -2, 2, 2']","[16.0, 16.0]","['Altus', 'Bassus', 'Tenor']",PEN,3,True
132,36,Giovanni Pierluigi da Palestrina,Missa Veni sponsa Christi: Sanctus,146.0,"['19/2.0', '20/4.0', '21/2.0', '22/4.0']","['P-8', 'P5', 'P-4']","[146.0, 158.0, 162.0, 174.0]","['1, -3, 2, 2', '1, -2, 2, 2']","[12.0, 4.0, 12.0]","['Cantus', 'Bassus', 'Altus', 'Tenor']",ID,4,True
133,37,Giovanni Pierluigi da Palestrina,Missa Veni sponsa Christi: Sanctus,146.0,"['19/2.0', '21/2.0', '22/4.0', '24/4.0']","['P-4', 'P-4', 'P-5']","[146.0, 162.0, 174.0, 190.0]","['1, -3, 2, 2', '1, -2, 2, 2']","[16.0, 12.0, 16.0]","['Cantus', 'Altus', 'Tenor', 'Bassus']",ID,4,True
134,40,Giovanni Pierluigi da Palestrina,Missa Veni sponsa Christi: Sanctus,158.0,"['20/4.0', '22/4.0', '24/4.0']","['M2', 'P-5']","[158.0, 174.0, 190.0]","['1, -3, 2, 2', '1, -2, 2, 2']","[16.0, 16.0]","['Bassus', 'Tenor', 'Bassus']",PEN,3,True
135,42,Giovanni Pierluigi da Palestrina,Missa Veni sponsa Christi: Sanctus,224.0,"['28/1.0', '29/1.0', '33/4.0', '34/4.0']","['P-5', 'P4', 'P-8']","[224.0, 232.0, 270.0, 278.0]","['1, 1, 1, -3', '1, 1, 1, -4']","[8.0, 38.0, 8.0]","['Tenor', 'Bassus', 'Tenor', 'Bassus']",ID,4,True
136,44,Giovanni Pierluigi da Palestrina,Missa Veni sponsa Christi: Sanctus,224.0,"['28/1.0', '29/1.0', '32/3.0', '33/4.0', '34/4.0']","['P-5', 'P8', 'P-5', 'P-8']","[224.0, 232.0, 260.0, 270.0, 278.0]","['1, 1, 1, -3', '1, 1, 1, -4']","[8.0, 28.0, 10.0, 8.0]","['Tenor', 'Bassus', 'Altus', 'Tenor', 'Bassus']",FUGA,5,True
137,45,Giovanni Pierluigi da Palestrina,Missa Veni sponsa Christi: Sanctus,302.0,"['37/4.0', '38/4.0', '45/2.0', '46/2.0', '50/4.0', '51/4.0', '53/2.0', '54/2.0']","['P-8', 'P4', 'P1', 'P5', 'P-8', 'P4', 'P5']","[302.0, 310.0, 362.0, 370.0, 406.0, 414.0, 426.0, 434.0]","['-2, 2, 3, -2']","[8.0, 52.0, 8.0, 36.0, 8.0, 12.0, 8.0]","['Altus', 'Bassus', 'Altus', 'Tenor', 'Altus', 'Bassus', 'Tenor', 'Altus']",ID,8,False
138,46,Giovanni Pierluigi da Palestrina,Missa Veni sponsa Christi: Sanctus,302.0,"['37/4.0', '38/4.0', '45/2.0', '46/2.0', '50/4.0', '51/4.0']","['P-8', 'P4', 'P1', 'P5', 'P-8']","[302.0, 310.0, 362.0, 370.0, 406.0, 414.0]","['-2, 2, 3, -2']","[8.0, 52.0, 8.0, 36.0, 8.0]","['Altus', 'Bassus', 'Altus', 'Tenor', 'Altus', 'Bassus']",ID,6,False
139,47,Giovanni Pierluigi da Palestrina,Missa Veni sponsa Christi: Sanctus,302.0,"['37/4.0', '38/4.0', '45/2.0', '46/2.0', '53/2.0', '54/2.0']","['P-8', 'P4', 'P1', 'P1', 'P5']","[302.0, 310.0, 362.0, 370.0, 426.0, 434.0]","['-2, 2, 3, -2']","[8.0, 52.0, 8.0, 56.0, 8.0]","['Altus', 'Bassus', 'Altus', 'Tenor', 'Tenor', 'Altus']",ID,6,False
140,48,Giovanni Pierluigi da Palestrina,Missa Veni sponsa Christi: Sanctus,302.0,"['37/4.0', '38/4.0', '46/2.0', '47/2.0', '50/4.0', '51/4.0']","['P-8', 'P4', 'P-8', 'P12', 'P-8']","[302.0, 310.0, 370.0, 378.0, 406.0, 414.0]","['-2, 2, 3, -2']","[8.0, 60.0, 8.0, 28.0, 8.0]","['Altus', 'Bassus', 'Tenor', 'Bassus', 'Altus', 'Bassus']",ID,6,False
141,49,Giovanni Pierluigi da Palestrina,Missa Veni sponsa Christi: Sanctus,302.0,"['37/4.0', '39/4.0', '45/2.0', '47/2.0']","['P-4', 'M-2', 'P-8']","[302.0, 318.0, 362.0, 378.0]","['-2, 2, 3, -2']","[16.0, 44.0, 16.0]","['Altus', 'Tenor', 'Altus', 'Bassus']",ID,4,False
142,50,Giovanni Pierluigi da Palestrina,Missa Veni sponsa Christi: Sanctus,302.0,"['37/4.0', '38/4.0', '53/2.0', '54/2.0']","['P-8', 'P4', 'P5']","[302.0, 310.0, 426.0, 434.0]","['-2, 2, 3, -2']","[8.0, 116.0, 8.0]","['Altus', 'Bassus', 'Tenor', 'Altus']",ID,4,False
143,51,Giovanni Pierluigi da Palestrina,Missa Veni sponsa Christi: Sanctus,302.0,"['37/4.0', '38/4.0', '46/2.0', '47/2.0']","['P-8', 'P4', 'P-8']","[302.0, 310.0, 370.0, 378.0]","['-2, 2, 3, -2']","[8.0, 60.0, 8.0]","['Altus', 'Bassus', 'Tenor', 'Bassus']",ID,4,False
144,52,Giovanni Pierluigi da Palestrina,Missa Veni sponsa Christi: Sanctus,302.0,"['37/4.0', '38/4.0', '50/4.0', '51/4.0']","['P-8', 'P8', 'P-8']","[302.0, 310.0, 406.0, 414.0]","['-2, 2, 3, -2']","[8.0, 96.0, 8.0]","['Altus', 'Bassus', 'Altus', 'Bassus']",ID,4,False
145,53,Giovanni Pierluigi da Palestrina,Missa Veni sponsa Christi: Sanctus,302.0,"['37/4.0', '38/4.0', '46/2.0', '47/2.0', '53/2.0', '54/2.0']","['P-8', 'P4', 'P-8', 'P8', 'P5']","[302.0, 310.0, 370.0, 378.0, 426.0, 434.0]","['-2, 2, 3, -2']","[8.0, 60.0, 8.0, 48.0, 8.0]","['Altus', 'Bassus', 'Tenor', 'Bassus', 'Tenor', 'Altus']",ID,6,False
146,54,Giovanni Pierluigi da Palestrina,Missa Veni sponsa Christi: Sanctus,302.0,"['37/4.0', '38/4.0', '45/2.0', '46/2.0']","['P-8', 'P4', 'P1']","[302.0, 310.0, 362.0, 370.0]","['-2, 2, 3, -2']","[8.0, 52.0, 8.0]","['Altus', 'Bassus', 'Altus', 'Tenor']",ID,4,False
147,55,Giovanni Pierluigi da Palestrina,Missa Veni sponsa Christi: Sanctus,302.0,"['37/4.0', '39/4.0', '41/4.0']","['P-4', 'P4']","[302.0, 318.0, 334.0]","['-2, 2, 3, -2']","[16.0, 16.0]","['Altus', 'Tenor', 'Altus']",PEN,3,False
148,56,Giovanni Pierluigi da Palestrina,Missa Veni sponsa Christi: Sanctus,302.0,"['37/4.0', '38/4.0', '39/4.0']","['P-8', 'P5']","[302.0, 310.0, 318.0]","['-2, 2, 3, -2']","[8.0, 8.0]","['Altus', 'Bassus', 'Tenor']",PEN,3,False
149,57,Giovanni Pierluigi da Palestrina,Missa Veni sponsa Christi: Sanctus,302.0,"['37/4.0', '38/4.0', '39/4.0', '41/4.0', '45/2.0', '46/2.0', '47/2.0', '50/4.0', '51/4.0', '53/2.0', '54/2.0']","['P-8', 'P5', 'P4', 'P-5', 'P1', 'P-8', 'P12', 'P-8', 'P4', 'P5']","[302.0, 310.0, 318.0, 334.0, 362.0, 370.0, 378.0, 406.0, 414.0, 426.0, 434.0]","['-2, 2, 3, -2']","[8.0, 8.0, 16.0, 28.0, 8.0, 8.0, 28.0, 8.0, 12.0, 8.0]","['Altus', 'Bassus', 'Tenor', 'Altus', 'Altus', 'Tenor', 'Bassus', 'Altus', 'Bassus', 'Tenor', 'Altus']",FUGA,11,False
150,58,Giovanni Pierluigi da Palestrina,Missa Veni sponsa Christi: Sanctus,302.0,"['37/4.0', '38/4.0', '46/2.0', '47/2.0', '50/4.0', '51/4.0', '53/2.0', '54/2.0']","['P-8', 'P4', 'P-8', 'P12', 'P-8', 'P4', 'P5']","[302.0, 310.0, 370.0, 378.0, 406.0, 414.0, 426.0, 434.0]","['-2, 2, 3, -2']","[8.0, 60.0, 8.0, 28.0, 8.0, 12.0, 8.0]","['Altus', 'Bassus', 'Tenor', 'Bassus', 'Altus', 'Bassus', 'Tenor', 'Altus']",ID,8,False
151,59,Giovanni Pierluigi da Palestrina,Missa Veni sponsa Christi: Sanctus,302.0,"['37/4.0', '38/4.0', '50/4.0', '51/4.0', '53/2.0', '54/2.0']","['P-8', 'P8', 'P-8', 'P4', 'P5']","[302.0, 310.0, 406.0, 414.0, 426.0, 434.0]","['-2, 2, 3, -2']","[8.0, 96.0, 8.0, 12.0, 8.0]","['Altus', 'Bassus', 'Altus', 'Bassus', 'Tenor', 'Altus']",ID,6,False
152,60,Giovanni Pierluigi da Palestrina,Missa Veni sponsa Christi: Sanctus,310.0,"['38/4.0', '39/4.0', '53/2.0', '54/2.0']","['P5', 'M-2', 'P5']","[310.0, 318.0, 426.0, 434.0]","['-2, 2, 3, -2']","[8.0, 108.0, 8.0]","['Bassus', 'Tenor', 'Tenor', 'Altus']",ID,4,False
153,61,Giovanni Pierluigi da Palestrina,Missa Veni sponsa Christi: Sanctus,310.0,"['38/4.0', '45/2.0', '51/4.0']","['P4', 'P-4']","[310.0, 362.0, 414.0]","['-2, 2, 3, -2']","[52.0, 52.0]","['Bassus', 'Altus', 'Bassus']",PEN,3,False
154,62,Giovanni Pierluigi da Palestrina,Missa Veni sponsa Christi: Sanctus,310.0,"['38/4.0', '39/4.0', '45/2.0', '46/2.0']","['P5', 'M-2', 'P1']","[310.0, 318.0, 362.0, 370.0]","['-2, 2, 3, -2']","[8.0, 44.0, 8.0]","['Bassus', 'Tenor', 'Altus', 'Tenor']",ID,4,False
155,63,Giovanni Pierluigi da Palestrina,Missa Veni sponsa Christi: Sanctus,310.0,"['38/4.0', '39/4.0', '46/2.0', '47/2.0']","['P5', 'M-2', 'P-8']","[310.0, 318.0, 370.0, 378.0]","['-2, 2, 3, -2']","[8.0, 52.0, 8.0]","['Bassus', 'Tenor', 'Tenor', 'Bassus']",ID,4,False
156,64,Giovanni Pierluigi da Palestrina,Missa Veni sponsa Christi: Sanctus,310.0,"['38/4.0', '39/4.0', '50/4.0', '51/4.0']","['P5', 'P4', 'P-8']","[310.0, 318.0, 406.0, 414.0]","['-2, 2, 3, -2']","[8.0, 88.0, 8.0]","['Bassus', 'Tenor', 'Altus', 'Bassus']",ID,4,False
157,65,Giovanni Pierluigi da Palestrina,Missa Veni sponsa Christi: Sanctus,310.0,"['38/4.0', '39/4.0', '45/2.0', '46/2.0', '50/4.0', '51/4.0']","['P5', 'M-2', 'P1', 'P5', 'P-8']","[310.0, 318.0, 362.0, 370.0, 406.0, 414.0]","['-2, 2, 3, -2']","[8.0, 44.0, 8.0, 36.0, 8.0]","['Bassus', 'Tenor', 'Altus', 'Tenor', 'Altus', 'Bassus']",ID,6,False
158,66,Giovanni Pierluigi da Palestrina,Missa Veni sponsa Christi: Sanctus,310.0,"['38/4.0', '39/4.0', '45/2.0', '46/2.0', '53/2.0', '54/2.0']","['P5', 'M-2', 'P1', 'P1', 'P5']","[310.0, 318.0, 362.0, 370.0, 426.0, 434.0]","['-2, 2, 3, -2']","[8.0, 44.0, 8.0, 56.0, 8.0]","['Bassus', 'Tenor', 'Altus', 'Tenor', 'Tenor', 'Altus']",ID,6,False
159,67,Giovanni Pierluigi da Palestrina,Missa Veni sponsa Christi: Sanctus,310.0,"['38/4.0', '39/4.0', '45/2.0', '46/2.0', '50/4.0', '51/4.0', '53/2.0', '54/2.0']","['P5', 'M-2', 'P1', 'P5', 'P-8', 'P4', 'P5']","[310.0, 318.0, 362.0, 370.0, 406.0, 414.0, 426.0, 434.0]","['-2, 2, 3, -2']","[8.0, 44.0, 8.0, 36.0, 8.0, 12.0, 8.0]","['Bassus', 'Tenor', 'Altus', 'Tenor', 'Altus', 'Bassus', 'Tenor', 'Altus']",ID,8,False
160,68,Giovanni Pierluigi da Palestrina,Missa Veni sponsa Christi: Sanctus,310.0,"['38/4.0', '39/4.0', '46/2.0', '47/2.0', '50/4.0', '51/4.0']","['P5', 'M-2', 'P-8', 'P12', 'P-8']","[310.0, 318.0, 370.0, 378.0, 406.0, 414.0]","['-2, 2, 3, -2']","[8.0, 52.0, 8.0, 28.0, 8.0]","['Bassus', 'Tenor', 'Tenor', 'Bassus', 'Altus', 'Bassus']",ID,6,False
161,69,Giovanni Pierluigi da Palestrina,Missa Veni sponsa Christi: Sanctus,310.0,"['38/4.0', '39/4.0', '46/2.0', '47/2.0', '53/2.0', '54/2.0']","['P5', 'M-2', 'P-8', 'P8', 'P5']","[310.0, 318.0, 370.0, 378.0, 426.0, 434.0]","['-2, 2, 3, -2']","[8.0, 52.0, 8.0, 48.0, 8.0]","['Bassus', 'Tenor', 'Tenor', 'Bassus', 'Tenor', 'Altus']",ID,6,False
162,70,Giovanni Pierluigi da Palestrina,Missa Veni sponsa Christi: Sanctus,310.0,"['38/4.0', '39/4.0', '46/2.0', '47/2.0', '50/4.0', '51/4.0', '53/2.0', '54/2.0']","['P5', 'M-2', 'P-8', 'P12', 'P-8', 'P4', 'P5']","[310.0, 318.0, 370.0, 378.0, 406.0, 414.0, 426.0, 434.0]","['-2, 2, 3, -2']","[8.0, 52.0, 8.0, 28.0, 8.0, 12.0, 8.0]","['Bassus', 'Tenor', 'Tenor', 'Bassus', 'Altus', 'Bassus', 'Tenor', 'Altus']",ID,8,False
163,71,Giovanni Pierluigi da Palestrina,Missa Veni sponsa Christi: Sanctus,310.0,"['38/4.0', '39/4.0', '50/4.0', '51/4.0', '53/2.0', '54/2.0']","['P5', 'P4', 'P-8', 'P4', 'P5']","[310.0, 318.0, 406.0, 414.0, 426.0, 434.0]","['-2, 2, 3, -2']","[8.0, 88.0, 8.0, 12.0, 8.0]","['Bassus', 'Tenor', 'Altus', 'Bassus', 'Tenor', 'Altus']",ID,6,False
164,72,Giovanni Pierluigi da Palestrina,Missa Veni sponsa Christi: Sanctus,318.0,"['39/4.0', '45/2.0', '46/2.0', '51/4.0']","['M-2', 'P1', 'P-4']","[318.0, 362.0, 370.0, 414.0]","['-2, 2, 3, -2']","[44.0, 8.0, 44.0]","['Tenor', 'Altus', 'Tenor', 'Bassus']",ID,4,False
165,73,Giovanni Pierluigi da Palestrina,Missa Veni sponsa Christi: Sanctus,318.0,"['39/4.0', '41/4.0', '45/2.0', '47/2.0']","['P4', 'P-5', 'P-8']","[318.0, 334.0, 362.0, 378.0]","['-2, 2, 3, -2']","[16.0, 28.0, 16.0]","['Tenor', 'Altus', 'Altus', 'Bassus']",ID,4,False
166,74,Giovanni Pierluigi da Palestrina,Missa Veni sponsa Christi: Sanctus,318.0,"['39/4.0', '45/2.0', '50/4.0']","['M-2', 'P5']","[318.0, 362.0, 406.0]","['-2, 2, 3, -2']","[44.0, 44.0]","['Tenor', 'Altus', 'Altus']",PEN,3,False
167,75,Giovanni Pierluigi da Palestrina,Missa Veni sponsa Christi: Sanctus,334.0,"['41/4.0', '46/2.0', '47/2.0', '51/4.0']","['P-5', 'P-8', 'P5']","[334.0, 370.0, 378.0, 414.0]","['-2, 2, 3, -2']","[36.0, 8.0, 36.0]","['Altus', 'Tenor', 'Bassus', 'Bassus']",ID,4,False
168,76,Giovanni Pierluigi da Palestrina,Missa Veni sponsa Christi: Sanctus,334.0,"['41/4.0', '45/2.0', '50/4.0', '54/2.0']","['P-5', 'P5', 'P1']","[334.0, 362.0, 406.0, 434.0]","['-2, 2, 3, -2']","[28.0, 44.0, 28.0]","['Altus', 'Altus', 'Altus', 'Altus']",ID,4,False
169,77,Giovanni Pierluigi da Palestrina,Missa Veni sponsa Christi: Sanctus,334.0,"['41/4.0', '45/2.0', '47/2.0', '50/4.0']","['P-5', 'P-8', 'P12']","[334.0, 362.0, 378.0, 406.0]","['-2, 2, 3, -2']","[28.0, 16.0, 28.0]","['Altus', 'Altus', 'Bassus', 'Altus']",ID,4,False
170,78,Giovanni Pierluigi da Palestrina,Missa Veni sponsa Christi: Sanctus,334.0,"['41/4.0', '46/2.0', '50/4.0']","['P-5', 'P5']","[334.0, 370.0, 406.0]","['-2, 2, 3, -2']","[36.0, 36.0]","['Altus', 'Tenor', 'Altus']",PEN,3,False
171,79,Giovanni Pierluigi da Palestrina,Missa Veni sponsa Christi: Sanctus,362.0,"['45/2.0', '46/2.0', '53/2.0', '54/2.0']","['P1', 'P1', 'P5']","[362.0, 370.0, 426.0, 434.0]","['-2, 2, 3, -2']","[8.0, 56.0, 8.0]","['Altus', 'Tenor', 'Tenor', 'Altus']",ID,4,False
172,80,Giovanni Pierluigi da Palestrina,Missa Veni sponsa Christi: Sanctus,362.0,"['45/2.0', '46/2.0', '50/4.0', '51/4.0']","['P1', 'P5', 'P-8']","[362.0, 370.0, 406.0, 414.0]","['-2, 2, 3, -2']","[8.0, 36.0, 8.0]","['Altus', 'Tenor', 'Altus', 'Bassus']",ID,4,False
173,81,Giovanni Pierluigi da Palestrina,Missa Veni sponsa Christi: Sanctus,362.0,"['45/2.0', '46/2.0', '47/2.0']","['P1', 'P-8']","[362.0, 370.0, 378.0]","['-2, 2, 3, -2']","[8.0, 8.0]","['Altus', 'Tenor', 'Bassus']",PEN,3,False
174,82,Giovanni Pierluigi da Palestrina,Missa Veni sponsa Christi: Sanctus,362.0,"['45/2.0', '46/2.0', '50/4.0', '51/4.0', '53/2.0', '54/2.0']","['P1', 'P5', 'P-8', 'P4', 'P5']","[362.0, 370.0, 406.0, 414.0, 426.0, 434.0]","['-2, 2, 3, -2']","[8.0, 36.0, 8.0, 12.0, 8.0]","['Altus', 'Tenor', 'Altus', 'Bassus', 'Tenor', 'Altus']",ID,6,False
175,83,Giovanni Pierluigi da Palestrina,Missa Veni sponsa Christi: Sanctus,370.0,"['46/2.0', '47/2.0', '50/4.0', '51/4.0', '53/2.0', '54/2.0']","['P-8', 'P12', 'P-8', 'P4', 'P5']","[370.0, 378.0, 406.0, 414.0, 426.0, 434.0]","['-2, 2, 3, -2']","[8.0, 28.0, 8.0, 12.0, 8.0]","['Tenor', 'Bassus', 'Altus', 'Bassus', 'Tenor', 'Altus']",ID,6,False
176,84,Giovanni Pierluigi da Palestrina,Missa Veni sponsa Christi: Sanctus,370.0,"['46/2.0', '47/2.0', '53/2.0', '54/2.0']","['P-8', 'P8', 'P5']","[370.0, 378.0, 426.0, 434.0]","['-2, 2, 3, -2']","[8.0, 48.0, 8.0]","['Tenor', 'Bassus', 'Tenor', 'Altus']",ID,4,False
177,85,Giovanni Pierluigi da Palestrina,Missa Veni sponsa Christi: Sanctus,370.0,"['46/2.0', '47/2.0', '50/4.0', '51/4.0']","['P-8', 'P12', 'P-8']","[370.0, 378.0, 406.0, 414.0]","['-2, 2, 3, -2']","[8.0, 28.0, 8.0]","['Tenor', 'Bassus', 'Altus', 'Bassus']",ID,4,False
178,86,Giovanni Pierluigi da Palestrina,Missa Veni sponsa Christi: Sanctus,378.0,"['47/2.0', '50/4.0', '54/2.0']","['P12', 'P1']","[378.0, 406.0, 434.0]","['-2, 2, 3, -2']","[28.0, 28.0]","['Bassus', 'Altus', 'Altus']",PEN,3,False
179,87,Giovanni Pierluigi da Palestrina,Missa Veni sponsa Christi: Sanctus,406.0,"['50/4.0', '51/4.0', '53/2.0', '54/2.0']","['P-8', 'P4', 'P5']","[406.0, 414.0, 426.0, 434.0]","['-2, 2, 3, -2']","[8.0, 12.0, 8.0]","['Altus', 'Bassus', 'Tenor', 'Altus']",ID,4,False
180,88,Giovanni Pierluigi da Palestrina,Missa Veni sponsa Christi: Sanctus,480.0,"['59/1.0', '60/1.0', '63/2.0', '64/1.0']","['P5', 'P1', 'P-5']","[480.0, 488.0, 532.0, 540.0]","['-3, 2, 2, 2']","[8.0, 44.0, 8.0]","['Altus', 'Cantus', 'Cantus', 'Altus']",ID,4,False
181,89,Giovanni Pierluigi da Palestrina,Missa Veni sponsa Christi: Sanctus,480.0,"['59/1.0', '67/1.0', '75/1.0']","['P-4', 'P4']","[480.0, 576.0, 672.0]","['-3, 2, 2, 2']","[96.0, 96.0]","['Altus', 'Tenor', 'Altus']",PEN,3,False
182,90,Giovanni Pierluigi da Palestrina,Missa Veni sponsa Christi: Sanctus,480.0,"['59/1.0', '64/1.0', '69/1.0']","['P1', 'P-8']","[480.0, 540.0, 600.0]","['-3, 2, 2, 2']","[60.0, 60.0]","['Altus', 'Altus', 'Bassus']",PEN,3,False
183,91,Giovanni Pierluigi da Palestrina,Missa Veni sponsa Christi: Sanctus,480.0,"['59/1.0', '60/1.0', '62/1.0', '63/2.0', '64/1.0', '67/1.0', '69/1.0', '69/1.0', '71/1.0', '75/1.0', '75/1.0', '75/2.0', '76/1.0']","['P5', 'P-8', 'P-5', 'P12', 'P-5', 'P-4', 'P8', 'P-12', 'P8', 'P-8', 'P8', 'P5', 'P-8']","[480.0, 488.0, 512.0, 512.0, 532.0, 540.0, 576.0, 596.0, 600.0, 624.0, 668.0, 672.0, 676.0, 688.0]","['-3, 2, 2, 2']","[8.0, 24.0, 0.0, 20.0, 8.0, 36.0, 20.0, 4.0, 24.0, 44.0, 4.0, 4.0, 12.0]","['Altus', 'Cantus', 'Tenor', 'Bassus', 'Cantus', 'Altus', 'Tenor', 'Cantus', 'Bassus', 'Tenor', 'Bassus', 'Altus', 'Cantus', 'Tenor']",FUGA,14,False
184,92,Giovanni Pierluigi da Palestrina,Missa Veni sponsa Christi: Sanctus,480.0,"['59/1.0', '60/1.0', '75/1.0', '75/2.0']","['P5', 'P-12', 'P12']","[480.0, 488.0, 668.0, 676.0]","['-3, 2, 2, 2']","[8.0, 180.0, 8.0]","['Altus', 'Cantus', 'Bassus', 'Cantus']",ID,4,False
185,93,Giovanni Pierluigi da Palestrina,Missa Veni sponsa Christi: Sanctus,480.0,"['59/1.0', '63/2.0', '71/1.0', '75/2.0']","['P5', 'P-5', 'P5']","[480.0, 532.0, 624.0, 676.0]","['-3, 2, 2, 2']","[52.0, 92.0, 52.0]","['Altus', 'Cantus', 'Tenor', 'Cantus']",ID,4,False
186,94,Giovanni Pierluigi da Palestrina,Missa Veni sponsa Christi: Sanctus,480.0,"['59/1.0', '60/1.0', '63/2.0', '64/1.0', '75/1.0', '75/2.0']","['P5', 'P1', 'P-5', 'P-8', 'P12']","[480.0, 488.0, 532.0, 540.0, 668.0, 676.0]","['-3, 2, 2, 2']","[8.0, 44.0, 8.0, 128.0, 8.0]","['Altus', 'Cantus', 'Cantus', 'Altus', 'Bassus', 'Cantus']",ID,6,False
187,95,Giovanni Pierluigi da Palestrina,Missa Veni sponsa Christi: Sanctus,488.0,"['60/1.0', '64/1.0', '71/1.0', '75/2.0']","['P-5', 'P1', 'P5']","[488.0, 540.0, 624.0, 676.0]","['-3, 2, 2, 2']","[52.0, 84.0, 52.0]","['Cantus', 'Altus', 'Tenor', 'Cantus']",ID,4,False
188,96,Giovanni Pierluigi da Palestrina,Missa Veni sponsa Christi: Sanctus,488.0,"['60/1.0', '63/2.0', '71/1.0', '75/1.0']","['P1', 'P-5', 'P-8']","[488.0, 532.0, 624.0, 668.0]","['-3, 2, 2, 2']","[44.0, 92.0, 44.0]","['Cantus', 'Cantus', 'Tenor', 'Bassus']",ID,4,False
189,97,Giovanni Pierluigi da Palestrina,Missa Veni sponsa Christi: Sanctus,488.0,"['60/1.0', '67/1.0', '69/1.0', '76/1.0']","['P-8', 'P-5', 'P5']","[488.0, 576.0, 600.0, 688.0]","['-3, 2, 2, 2']","[88.0, 24.0, 88.0]","['Cantus', 'Tenor', 'Bassus', 'Tenor']",ID,4,False
190,98,Giovanni Pierluigi da Palestrina,Missa Veni sponsa Christi: Sanctus,488.0,"['60/1.0', '63/2.0', '67/1.0']","['P1', 'P-8']","[488.0, 532.0, 576.0]","['-3, 2, 2, 2']","[44.0, 44.0]","['Cantus', 'Cantus', 'Tenor']",PEN,3,False
191,99,Giovanni Pierluigi da Palestrina,Missa Veni sponsa Christi: Sanctus,532.0,"['63/2.0', '69/1.0', '71/1.0', '76/1.0']","['P1', 'P-5', 'P-4']","[532.0, 596.0, 624.0, 688.0]","['-3, 2, 2, 2']","[64.0, 28.0, 64.0]","['Cantus', 'Cantus', 'Tenor', 'Tenor']",ID,4,False
192,100,Giovanni Pierluigi da Palestrina,Missa Veni sponsa Christi: Sanctus,532.0,"['63/2.0', '67/1.0', '71/1.0', '75/1.0']","['P-8', 'P4', 'P-8']","[532.0, 576.0, 624.0, 668.0]","['-3, 2, 2, 2']","[44.0, 48.0, 44.0]","['Cantus', 'Tenor', 'Tenor', 'Bassus']",ID,4,False
193,101,Giovanni Pierluigi da Palestrina,Missa Veni sponsa Christi: Sanctus,532.0,"['63/2.0', '64/1.0', '75/1.0', '75/2.0']","['P-5', 'P-8', 'P12']","[532.0, 540.0, 668.0, 676.0]","['-3, 2, 2, 2']","[8.0, 128.0, 8.0]","['Cantus', 'Altus', 'Bassus', 'Cantus']",ID,4,False
194,102,Giovanni Pierluigi da Palestrina,Missa Veni sponsa Christi: Sanctus,532.0,"['63/2.0', '69/1.0', '75/1.0']","['P-12', 'P1']","[532.0, 600.0, 668.0]","['-3, 2, 2, 2']","[68.0, 68.0]","['Cantus', 'Bassus', 'Bassus']",PEN,3,False
195,103,Giovanni Pierluigi da Palestrina,Missa Veni sponsa Christi: Sanctus,576.0,"['67/1.0', '69/1.0', '71/1.0']","['P-5', 'P8']","[576.0, 600.0, 624.0]","['-3, 2, 2, 2']","[24.0, 24.0]","['Tenor', 'Bassus', 'Tenor']",PEN,3,False
196,104,Giovanni Pierluigi da Palestrina,Missa Veni sponsa Christi: Sanctus,576.0,"['67/1.0', '69/1.0', '75/1.0', '76/1.0']","['P8', 'P-12', 'P5']","[576.0, 596.0, 668.0, 688.0]","['-3, 2, 2, 2']","[20.0, 72.0, 20.0]","['Tenor', 'Cantus', 'Bassus', 'Tenor']",ID,4,False
197,105,Giovanni Pierluigi da Palestrina,Missa Veni sponsa Christi: Sanctus,576.0,"['67/1.0', '71/1.0', '75/1.0']","['P4', 'P1']","[576.0, 624.0, 672.0]","['-3, 2, 2, 2']","[48.0, 48.0]","['Tenor', 'Tenor', 'Altus']",PEN,3,False
198,106,Giovanni Pierluigi da Palestrina,Missa Veni sponsa Christi: Sanctus,596.0,"['69/1.0', '69/1.0', '75/1.0', '75/1.0']","['P-12', 'P1', 'P8']","[596.0, 600.0, 668.0, 672.0]","['-3, 2, 2, 2']","[4.0, 68.0, 4.0]","['Cantus', 'Bassus', 'Bassus', 'Altus']",ID,4,False
199,107,Giovanni Pierluigi da Palestrina,Missa Veni sponsa Christi: Sanctus,596.0,"['69/1.0', '69/1.0', '75/1.0', '75/2.0']","['P-12', 'P8', 'P5']","[596.0, 600.0, 672.0, 676.0]","['-3, 2, 2, 2']","[4.0, 72.0, 4.0]","['Cantus', 'Bassus', 'Altus', 'Cantus']",ID,4,False
200,108,Giovanni Pierluigi da Palestrina,Missa Veni sponsa Christi: Sanctus,668.0,"['75/1.0', '75/1.0', '75/2.0']","['P8', 'P5']","[668.0, 672.0, 676.0]","['-3, 2, 2, 2']","[4.0, 4.0]","['Bassus', 'Altus', 'Cantus']",PEN,3,False
201,109,Giovanni Pierluigi da Palestrina,Missa Veni sponsa Christi: Sanctus,740.0,"['81/1.0', '84/1.0', '88/1.0', '95/1.0', '97/1.0']","['P-5', 'P8', 'P1', 'P-4', 'P4']","[740.0, 740.0, 772.0, 804.0, 860.0, 880.0]","['-3, 3, 2, -2']","[0.0, 32.0, 32.0, 56.0, 20.0]","['Tenor', 'Bassus', 'Cantus', 'Altus', 'Altus', 'Cantus']",FUGA,6,False
202,110,Giovanni Pierluigi da Palestrina,Missa Veni sponsa Christi: Sanctus,814.0,"['89/2.0', '93/2.0']",['P8'],"[814.0, 846.0]","['-2, -2, -2, -2']",[32.0],"['Bassus', 'Cantus']",FUGA,2,False
203,111,Giovanni Pierluigi da Palestrina,Missa Veni sponsa Christi: Sanctus,910.0,"['101/2.0', '102/2.0', '103/2.0', '104/2.0', '104/2.0', '107/2.0', '109/2.0', '110/1.0', '111/2.0']","['P5', 'P1', 'P-5', 'P1', 'P8', 'P-8', 'P5', 'P1']","[910.0, 922.0, 930.0, 934.0, 938.0, 962.0, 978.0, 980.0, 994.0]","['1, 1, -3, 2']","[12.0, 8.0, 4.0, 4.0, 24.0, 16.0, 2.0, 14.0]","['Bassus', 'Cantus', 'Altus', 'Bassus', 'Tenor', 'Cantus', 'Bassus', 'Altus', 'Cantus']",FUGA,9,False
204,112,Giovanni Pierluigi da Palestrina,Missa Veni sponsa Christi: Sanctus,910.0,"['101/2.0', '102/2.0', '104/2.0']","['P5', 'P-5']","[910.0, 922.0, 934.0]","['1, 1, -3, 2']","[12.0, 12.0]","['Bassus', 'Cantus', 'Bassus']",PEN,3,False
205,113,Giovanni Pierluigi da Palestrina,Missa Veni sponsa Christi: Sanctus,910.0,"['101/2.0', '104/2.0', '104/2.0', '107/2.0']","['P1', 'P1', 'P8']","[910.0, 934.0, 938.0, 962.0]","['1, 1, -3, 2']","[24.0, 4.0, 24.0]","['Bassus', 'Bassus', 'Tenor', 'Cantus']",ID,4,False
206,114,Giovanni Pierluigi da Palestrina,Missa Veni sponsa Christi: Sanctus,922.0,"['102/2.0', '103/2.0', '104/2.0']","['P1', 'P-5']","[922.0, 930.0, 938.0]","['1, 1, -3, 2']","[8.0, 8.0]","['Cantus', 'Altus', 'Tenor']",PEN,3,False
207,115,Giovanni Pierluigi da Palestrina,Missa Veni sponsa Christi: Sanctus,922.0,"['102/2.0', '104/2.0', '107/2.0', '109/2.0']","['P-5', 'P8', 'P-8']","[922.0, 938.0, 962.0, 978.0]","['1, 1, -3, 2']","[16.0, 24.0, 16.0]","['Cantus', 'Tenor', 'Cantus', 'Bassus']",ID,4,False
208,116,Giovanni Pierluigi da Palestrina,Missa Veni sponsa Christi: Sanctus,922.0,"['102/2.0', '104/2.0', '109/2.0', '111/2.0']","['P-5', 'P1', 'P5']","[922.0, 938.0, 978.0, 994.0]","['1, 1, -3, 2']","[16.0, 40.0, 16.0]","['Cantus', 'Tenor', 'Bassus', 'Cantus']",ID,4,False
209,117,Giovanni Pierluigi da Palestrina,Missa Veni sponsa Christi: Sanctus,930.0,"['103/2.0', '104/2.0', '104/2.0']","['P-5', 'P1']","[930.0, 934.0, 938.0]","['1, 1, -3, 2']","[4.0, 4.0]","['Altus', 'Bassus', 'Tenor']",PEN,3,False
210,118,Giovanni Pierluigi da Palestrina,Missa Veni sponsa Christi: Sanctus,930.0,"['103/2.0', '107/2.0', '111/2.0']","['P4', 'P-4']","[930.0, 962.0, 994.0]","['1, 1, -3, 2']","[32.0, 32.0]","['Altus', 'Cantus', 'Cantus']",PEN,3,False
211,119,Giovanni Pierluigi da Palestrina,Missa Veni sponsa Christi: Sanctus,962.0,"['107/2.0', '109/2.0', '111/2.0']","['P-8', 'P5']","[962.0, 978.0, 994.0]","['1, 1, -3, 2']","[16.0, 16.0]","['Cantus', 'Bassus', 'Cantus']",PEN,3,False
212,0,Giovanni Pierluigi da Palestrina,Missa Veni sponsa Christi: Agnus Dei,0.0,"['1/1.0', '2/1.0', '5/3.0', '7/3.0', '8/4.0']","['P-5', 'P-4', 'P-5', 'P8']","[0.0, 8.0, 36.0, 52.0, 62.0]","['-3, 3, 2, -2', '-3, 2, 2, -2']","[8.0, 28.0, 16.0, 10.0]","['Cantus', 'Altus', 'Tenor', 'Bassus', 'Altus']",FUGA,5,True
213,1,Giovanni Pierluigi da Palestrina,Missa Veni sponsa Christi: Agnus Dei,102.0,"['13/4.0', '16/4.0', '17/2.0']","['P1', 'P4']","[102.0, 126.0, 130.0]","['1, -3, 1, 2', '1, -3, 2, 2']","[24.0, 4.0]","['Altus', 'Tenor', 'Cantus']",FUGA,3,True
214,2,Giovanni Pierluigi da Palestrina,Missa Veni sponsa Christi: Agnus Dei,152.0,"['20/1.0', '21/2.0', '23/4.0', '26/2.0', '28/4.0', '31/2.0']","['P5', 'P4', 'P-12', 'M9', 'P4']","[152.0, 162.0, 182.0, 202.0, 222.0, 242.0]","['1, -3, 3, -2']","[10.0, 20.0, 20.0, 20.0, 20.0]","['Bassus', 'Altus', 'Cantus', 'Bassus', 'Tenor', 'Cantus']",FUGA,6,False
215,3,Giovanni Pierluigi da Palestrina,Missa Veni sponsa Christi: Agnus Dei,162.0,"['21/2.0', '23/4.0', '26/2.0', '28/4.0', '31/2.0']","['P4', 'P-12', 'M9', 'P4']","[162.0, 182.0, 202.0, 222.0, 242.0]","['1, -3, 3, -2']","[20.0, 20.0, 20.0, 20.0]","['Altus', 'Cantus', 'Bassus', 'Tenor', 'Cantus']",PEN,5,False
216,4,Giovanni Pierluigi da Palestrina,Missa Veni sponsa Christi: Agnus Dei,162.0,"['21/2.0', '23/4.0', '28/4.0', '31/2.0']","['P4', 'P-4', 'P4']","[162.0, 182.0, 222.0, 242.0]","['1, -3, 3, -2']","[20.0, 40.0, 20.0]","['Altus', 'Cantus', 'Tenor', 'Cantus']",ID,4,False
217,5,Giovanni Pierluigi da Palestrina,Missa Veni sponsa Christi: Agnus Dei,162.0,"['21/2.0', '23/4.0', '26/2.0', '28/4.0']","['P4', 'P-12', 'M9']","[162.0, 182.0, 202.0, 222.0]","['1, -3, 3, -2']","[20.0, 20.0, 20.0]","['Altus', 'Cantus', 'Bassus', 'Tenor']",PEN,4,False
218,6,Giovanni Pierluigi da Palestrina,Missa Veni sponsa Christi: Agnus Dei,162.0,"['21/2.0', '26/2.0', '31/2.0']","['M-9', 'P12']","[162.0, 202.0, 242.0]","['1, -3, 3, -2']","[40.0, 40.0]","['Altus', 'Bassus', 'Cantus']",PEN,3,False
219,7,Giovanni Pierluigi da Palestrina,Missa Veni sponsa Christi: Agnus Dei,162.0,"['21/2.0', '23/4.0', '26/2.0']","['P4', 'P-12']","[162.0, 182.0, 202.0]","['1, -3, 3, -2']","[20.0, 20.0]","['Altus', 'Cantus', 'Bassus']",PEN,3,False
220,8,Giovanni Pierluigi da Palestrina,Missa Veni sponsa Christi: Agnus Dei,182.0,"['23/4.0', '26/2.0', '28/4.0']","['P-12', 'M9']","[182.0, 202.0, 222.0]","['1, -3, 3, -2']","[20.0, 20.0]","['Cantus', 'Bassus', 'Tenor']",PEN,3,False
221,9,Giovanni Pierluigi da Palestrina,Missa Veni sponsa Christi: Agnus Dei,182.0,"['23/4.0', '26/2.0', '28/4.0', '31/2.0']","['P-12', 'M9', 'P4']","[182.0, 202.0, 222.0, 242.0]","['1, -3, 3, -2']","[20.0, 20.0, 20.0]","['Cantus', 'Bassus', 'Tenor', 'Cantus']",PEN,4,False
222,10,Giovanni Pierluigi da Palestrina,Missa Veni sponsa Christi: Agnus Dei,202.0,"['26/2.0', '28/4.0', '31/2.0']","['M9', 'P4']","[202.0, 222.0, 242.0]","['1, -3, 3, -2']","[20.0, 20.0]","['Bassus', 'Tenor', 'Cantus']",PEN,3,False
223,11,Giovanni Pierluigi da Palestrina,Missa Veni sponsa Christi: Agnus Dei,280.0,"['35/1.0', '38/1.0']",['P-8'],"[280.0, 304.0]","['-3, 3, 2, -2', '-3, 2, 2, -2']",[24.0],"['Cantus', 'Quinta Pars']",FUGA,2,True
224,12,Giovanni Pierluigi da Palestrina,Missa Veni sponsa Christi: Agnus Dei,332.0,"['41/3.0', '43/2.0', '44/3.0', '46/2.0', '48/4.0']","['P-5', 'P-4', 'P4', 'P-8']","[332.0, 346.0, 356.0, 370.0, 390.0]","['1, -3, 1, 2', '1, -3, 2, 2']","[14.0, 10.0, 14.0, 20.0]","['Cantus', 'Altus', 'Quinta Pars', 'Tenor', 'Bassus']",FUGA,5,True
225,13,Giovanni Pierluigi da Palestrina,Missa Veni sponsa Christi: Agnus Dei,332.0,"['41/3.0', '43/2.0', '44/3.0', '46/2.0']","['P-5', 'P-4', 'P4']","[332.0, 346.0, 356.0, 370.0]","['1, -3, 1, 2', '1, -3, 2, 2']","[14.0, 10.0, 14.0]","['Cantus', 'Altus', 'Quinta Pars', 'Tenor']",ID,4,True
226,15,Giovanni Pierluigi da Palestrina,Missa Veni sponsa Christi: Agnus Dei,404.0,"['50/3.0', '53/3.0']",['P-8'],"[404.0, 428.0]","['1, 1, -3, 3']",[24.0],"['Cantus', 'Quinta Pars']",FUGA,2,False
227,16,Giovanni Pierluigi da Palestrina,Missa Veni sponsa Christi: Agnus Dei,446.0,"['55/4.0', '56/2.0', '56/4.0', '59/2.0', '59/4.0', '61/4.0', '64/4.0']","['P-4', 'P4', 'P-11', 'P4', 'P11', 'P-8']","[446.0, 450.0, 454.0, 474.0, 478.0, 494.0, 518.0]","['-2, 2, 1, 3', '-2, 2, 1, 2']","[4.0, 4.0, 20.0, 4.0, 16.0, 24.0]","['Altus', 'Tenor', 'Cantus', 'Bassus', 'Quinta Pars', 'Cantus', 'Quinta Pars']",FUGA,7,True
228,17,Giovanni Pierluigi da Palestrina,Missa Veni sponsa Christi: Agnus Dei,446.0,"['55/4.0', '56/2.0', '59/2.0', '59/4.0']","['P-4', 'P-8', 'P4']","[446.0, 450.0, 474.0, 478.0]","['-2, 2, 1, 3', '-2, 2, 1, 2']","[4.0, 24.0, 4.0]","['Altus', 'Tenor', 'Bassus', 'Quinta Pars']",ID,4,True
229,18,Giovanni Pierluigi da Palestrina,Missa Veni sponsa Christi: Agnus Dei,446.0,"['55/4.0', '56/2.0', '56/4.0']","['P-4', 'P4']","[446.0, 450.0, 454.0]","['-2, 2, 1, 3', '-2, 2, 1, 2']","[4.0, 4.0]","['Altus', 'Tenor', 'Cantus']",PEN,3,True
230,21,Giovanni Pierluigi da Palestrina,Missa Veni sponsa Christi: Agnus Dei,450.0,"['56/2.0', '59/2.0', '61/4.0', '64/4.0']","['P-8', 'm14', 'P-8']","[450.0, 474.0, 494.0, 518.0]","['-2, 2, 1, 3', '-2, 2, 1, 2']","[24.0, 20.0, 24.0]","['Tenor', 'Bassus', 'Cantus', 'Quinta Pars']",ID,4,True
231,23,Giovanni Pierluigi da Palestrina,Missa Veni sponsa Christi: Agnus Dei,450.0,"['56/2.0', '56/4.0', '59/2.0', '59/4.0']","['P4', 'P-11', 'P4']","[450.0, 454.0, 474.0, 478.0]","['-2, 2, 1, 3', '-2, 2, 1, 2']","[4.0, 20.0, 4.0]","['Tenor', 'Cantus', 'Bassus', 'Quinta Pars']",ID,4,True
232,25,Giovanni Pierluigi da Palestrina,Missa Veni sponsa Christi: Agnus Dei,454.0,"['56/4.0', '59/4.0', '61/4.0', '64/4.0']","['P-8', 'P11', 'P-8']","[454.0, 478.0, 494.0, 518.0]","['-2, 2, 1, 3', '-2, 2, 1, 2']","[24.0, 16.0, 24.0]","['Cantus', 'Quinta Pars', 'Cantus', 'Quinta Pars']",ID,4,True
233,27,Giovanni Pierluigi da Palestrina,Missa Veni sponsa Christi: Agnus Dei,454.0,"['56/4.0', '59/2.0', '61/4.0']","['P-11', 'm14']","[454.0, 474.0, 494.0]","['-2, 2, 1, 3', '-2, 2, 1, 2']","[20.0, 20.0]","['Cantus', 'Bassus', 'Cantus']",PEN,3,True
